日期,天气,最低温,最高温,风向风力,是否为恶劣天气
2018年05月01日广州天气预报,雷阵雨 /雷阵雨,24℃ , 30℃,无持续风向 <3级 ,是
2018年05月02日广州天气预报,雷阵雨 /雷阵雨,23℃ , 31℃,无持续风向 <3级 ,是
2018年05月03日广州天气预报,雷阵雨 /中雨,23℃ , 30℃,无持续风向 <3级 ,是
2018年05月04日广州天气预报,中雨 /雷阵雨,22℃ , 27℃,无持续风向 <3级 ,是
2018年05月05日广州天气预报,多云 /阴,24℃ , 30℃,南风 3～4级 ,否
2018年05月06日广州天气预报,小雨-中雨 /雷阵雨,24℃ , 30℃,无持续风向 <3级 ,是
2018年05月07日广州天气预报,中雨-大雨 /中雨,22℃ , 29℃,无持续风向 <3级 ,是
2018年05月08日广州天气预报,雷阵雨 /中雨-大雨,22℃ , 26℃,无持续风向 <3级 ,是
2018年05月09日广州天气预报,中雨 /中雨,22℃ , 27℃,无持续风向 <3级 ,是
2018年05月10日广州天气预报,阵雨 /阵雨,22℃ , 26℃,无持续风向 <3级 ,否
2018年05月11日广州天气预报,阵雨 /多云,23℃ , 26℃,无持续风向 <3级 ,否
2018年05月12日广州天气预报,多云 /多云,24℃ , 29℃,无持续风向 <3级 ,否
2018年05月13日广州天气预报,多云 /多云,24℃ , 32℃,无持续风向 <3级 ,否
2018年05月14日广州天气预报,雷阵雨 /多云,24℃ , 33℃,无持续风向 <3级 ,是
2018年05月15日广州天气预报,多云 /多云,26℃ , 34℃,无持续风向 <3级 ,否
2018年05月16日广州天气预报,多云 /多云,25℃ , 34℃,无持续风向 <3级 ,否
2018年05月17日广州天气预报,多云 /多云,26℃ , 34℃,南风 3～4级 ,否
2018年05月18日广州天气预报,雷阵雨 /多云,26℃ , 34℃,无持续风向 <3级 ,是
2018年05月19日广州天气预报,多云 /多云,26℃ , 34℃,南风 3～4级 ,否
2018年05月20日广州天气预报,雷阵雨 /多云,26℃ , 34℃,微风 <3级 ,是
2018年05月21日广州天气预报,多云 /多云,26℃ , 34℃,微风 <3级 ,否
2018年05月22日广州天气预报,多云 /雷阵雨,26℃ , 34℃,微风 <3级 ,是
2018年05月23日广州天气预报,多云 /多云,26℃ , 34℃,无持续风向 微风 ,否
2018年05月24日广州天气预报,多云 /多云,27℃ , 35℃,无持续风向 1-2级 ,否
2018年05月25日广州天气预报,雷阵雨 /多云,27℃ , 35℃,南风 3-4级 ,是
2018年05月26日广州天气预报,雷阵雨 /多云,27℃ , 35℃,无持续风向 1-2级 ,是
2018年05月27日广州天气预报,晴间多云 /多云,26℃ , 35℃,无持续风向 1-2级 ,否
2018年05月28日广州天气预报,雷阵雨 /多云,26℃ , 35℃,无持续风向 <3级 ,是
2018年05月29日广州天气预报,雷阵雨 /多云,27℃ , 35℃,无持续风向 <3级 ,是
2018年05月30日广州天气预报,多云 /多云,28℃ , 35℃,无持续风向 <3级 ,否
2018年05月31日广州天气预报,雷阵雨 /雷阵雨,28℃ , 35℃,无持续风向 1-2级 ,是
2018年06月01日广州天气预报,雷阵雨 /雷阵雨,26℃ , 34℃,微风 <3级 ,是
2018年06月02日广州天气预报,雷阵雨 /雷阵雨,25℃ , 31℃,微风 <3级 ,是
2018年06月03日广州天气预报,雷阵雨 /雷阵雨,25℃ , 30℃,微风 <3级 ,是
2018年06月04日广州天气预报,雷阵雨 /中雨,26℃ , 33℃,无持续风向 1-2级 ,是
2018年06月05日广州天气预报,中雨 /雷阵雨,24℃ , 31℃,无持续风向 1-2级 ,是
2018年06月06日广州天气预报,暴雨 /暴雨,24℃ , 28℃,东风 3-4级 ,是
2018年06月07日广州天气预报,暴雨 /暴雨,25℃ , 28℃,东风 3-4级 ,是
2018年06月08日广州天气预报,大暴雨 /暴雨,24℃ , 28℃,东南风 4-5级 ,是
2018年06月09日广州天气预报,阵雨 /多云,25℃ , 30℃,无持续风向 1-2级 ,否
2018年06月10日广州天气预报,多云 /多云,25℃ , 32℃,无持续风向 1-2级 ,否
2018年06月11日广州天气预报,多云 /多云,24℃ , 34℃,无持续风向 1-2级 ,否
2018年06月12日广州天气预报,大雨-暴雨 /暴雨,25℃ , 30℃,无持续风向 <3级 ,是
2018年06月13日广州天气预报,大雨-暴雨 /雷阵雨,25℃ , 28℃,无持续风向 <3级 ,是
2018年06月14日广州天气预报,多云 /多云,24℃ , 30℃,无持续风向 <3级 ,否
2018年06月15日广州天气预报,多云 /多云,24℃ , 32℃,无持续风向 <3级 ,否
2018年06月16日广州天气预报,多云 /多云,25℃ , 31℃,无持续风向 1-2级 ,否
2018年06月17日广州天气预报,雷阵雨 /雷阵雨,26℃ , 33℃,无持续风向 <3级 ,是
2018年06月18日广州天气预报,雷阵雨 /多云,27℃ , 34℃,无持续风向 <3级 ,是
2018年06月19日广州天气预报,雷阵雨 /雷阵雨,27℃ , 33℃,无持续风向 1-2级 ,是
2018年06月20日广州天气预报,雷阵雨 /雷阵雨,28℃ , 34℃,微风 <3级 ,是
2018年06月21日广州天气预报,雷阵雨 /中雨,27℃ , 33℃,无持续风向 <3级 ,是
2018年06月22日广州天气预报,中雨 /中雨,25℃ , 32℃,无持续风向 <3级 ,是
2018年06月23日广州天气预报,中雨 /大雨,26℃ , 30℃,南风 3～4级 ,是
2018年06月24日广州天气预报,雷阵雨 /雷阵雨,25℃ , 32℃,无持续风向 1-2级 ,是
2018年06月25日广州天气预报,雷阵雨 /雷阵雨,26℃ , 33℃,无持续风向 1-2级 ,是
2018年06月26日广州天气预报,雷阵雨 /多云,26℃ , 33℃,无持续风向 1-2级 ,是
2018年06月27日广州天气预报,多云 /多云,26℃ , 34℃,无持续风向 1-2级 ,否
2018年06月28日广州天气预报,多云 /多云,27℃ , 35℃,无持续风向 <3级 ,否
2018年06月29日广州天气预报,多云 /多云,28℃ , 35℃,无持续风向 <3级 ,否
2018年06月30日广州天气预报,雷阵雨 /雷阵雨,27℃ , 35℃,无持续风向 <3级 ,是
2018年07月01日广州天气预报,雷阵雨 /雷阵雨,27℃ , 35℃,无持续风向 1-2级 ,是
2018年07月02日广州天气预报,雷阵雨 /中雨,26℃ , 35℃,无持续风向 <3级 ,是
2018年07月03日广州天气预报,雷阵雨 /雷阵雨,26℃ , 33℃,无持续风向 1-2级 ,是
2018年07月04日广州天气预报,雷阵雨 /雷阵雨,27℃ , 34℃,无持续风向 <3级 ,是
2018年07月05日广州天气预报,雷阵雨 /多云,27℃ , 34℃,无持续风向 1-2级 ,是
2018年07月06日广州天气预报,雷阵雨 /雷阵雨,27℃ , 34℃,无持续风向 <3级 ,是
2018年07月07日广州天气预报,雷阵雨 /雷阵雨,27℃ , 33℃,无持续风向 1-2级 ,是
2018年07月08日广州天气预报,雷阵雨 /雷阵雨,27℃ , 33℃,无持续风向 1-2级 ,是
2018年07月09日广州天气预报,雷阵雨 /多云,26℃ , 33℃,无持续风向 <3级 ,是
2018年07月10日广州天气预报,晴 /晴,25℃ , 35℃,无持续风向 <3级 ,否
2018年07月11日广州天气预报,晴 /多云,26℃ , 35℃,无持续风向 <3级 ,否
2018年07月12日广州天气预报,雷阵雨 /雷阵雨,26℃ , 34℃,无持续风向 <3级 ,是
2018年07月13日广州天气预报,中雨 /中雨,25℃ , 31℃,无持续风向 1-2级 ,是
2018年07月14日广州天气预报,雷阵雨 /雷阵雨,25℃ , 30℃,无持续风向 1-2级 ,是
2018年07月15日广州天气预报,中雨 /中雨,25℃ , 30℃,无持续风向 <3级 ,是
2018年07月16日广州天气预报,阴 /多云,26℃ , 31℃,无持续风向 <3级 ,否
2018年07月17日广州天气预报,雷阵雨 /中雨,26℃ , 33℃,东北风 3-4级 ,是
2018年07月18日广州天气预报,雷阵雨 /雷阵雨,26℃ , 34℃,东风 3～4级 ,是
2018年07月19日广州天气预报,雷阵雨 /多云,27℃ , 34℃,无持续风向 1-2级 ,是
2018年07月20日广州天气预报,多云 /多云,27℃ , 34℃,无持续风向 <3级 ,否
2018年07月21日广州天气预报,多云 /雷阵雨,27℃ , 34℃,无持续风向 1-2级 ,是
2018年07月22日广州天气预报,雷阵雨 /雷阵雨,26℃ , 34℃,无持续风向 1-2级 ,是
2018年07月23日广州天气预报,大雨 /大雨-暴雨,25℃ , 33℃,东南风 3～4级 ,是
2018年07月24日广州天气预报,暴雨 /雷阵雨,25℃ , 31℃,东南风 3-4级 ,是
2018年07月25日广州天气预报,雷阵雨 /多云,26℃ , 33℃,无持续风向 1-2级 ,是
2018年07月26日广州天气预报,雷阵雨 /雷阵雨,26℃ , 33℃,无持续风向 <3级 ,是
2018年07月27日广州天气预报,雷阵雨 /多云,27℃ , 33℃,无持续风向 1-2级 ,是
2018年07月28日广州天气预报,雷阵雨 /多云,27℃ , 34℃,无持续风向 1-2级 ,是
2018年07月29日广州天气预报,多云 /多云,27℃ , 35℃,无持续风向 <3级 ,否
2018年07月30日广州天气预报,雷阵雨 /多云,26℃ , 35℃,无持续风向 1-2级 ,是
2018年07月31日广州天气预报,雷阵雨 /多云,26℃ , 35℃,无持续风向 <3级 ,是
2018年08月01日广州天气预报,雷阵雨 /多云,26℃ , 33℃,无持续风向 <3级 ,是
2018年08月02日广州天气预报,雷阵雨 /雷阵雨,27℃ , 34℃,无持续风向 1-2级 ,是
2018年08月03日广州天气预报,雷阵雨 /雷阵雨,26℃ , 33℃,无持续风向 <3级 ,是
2018年08月04日广州天气预报,雷阵雨 /多云,26℃ , 34℃,无持续风向 1-2级 ,是
2018年08月05日广州天气预报,多云 /多云,27℃ , 34℃,无持续风向 1-2级 ,否
2018年08月06日广州天气预报,雷阵雨 /多云,26℃ , 34℃,无持续风向 <3级 ,是
2018年08月07日广州天气预报,雷阵雨 /多云,26℃ , 35℃,无持续风向 1-2级 ,是
2018年08月08日广州天气预报,多云 /多云,26℃ , 35℃,无持续风向 1-2级 ,否
2018年08月09日广州天气预报,雷阵雨 /雷阵雨,25℃ , 35℃,无持续风向 <3级 ,是
2018年08月10日广州天气预报,中雨 /大雨,25℃ , 31℃,东风 3～4级 ,是
2018年08月11日广州天气预报,大雨 /暴雨,25℃ , 28℃,东风 3-4级 ,是
2018年08月12日广州天气预报,大雨 /阴,25℃ , 30℃,无持续风向 <3级 ,是
2018年08月13日广州天气预报,雷阵雨 /大雨,26℃ , 33℃,无持续风向 1-2级 ,是
2018年08月14日广州天气预报,大雨 /大雨,25℃ , 32℃,东风 3-4级 ,是
2018年08月15日广州天气预报,雷阵雨 /雷阵雨,26℃ , 31℃,东风 3～4级 ,是
2018年08月16日广州天气预报,雷阵雨 /雷阵雨,26℃ , 33℃,无持续风向 1-2级 ,是
2018年08月17日广州天气预报,中雨 /中雨,26℃ , 31℃,无持续风向 1-2级 ,是
2018年08月18日广州天气预报,雷阵雨 /雷阵雨,26℃ , 32℃,微风 <3级 ,是
2018年08月19日广州天气预报,雷阵雨 /雷阵雨,26℃ , 32℃,无持续风向 1-2级 ,是
2018年08月20日广州天气预报,雷阵雨 /雷阵雨,27℃ , 33℃,微风 <3级 ,是
2018年08月21日广州天气预报,雷阵雨 /雷阵雨,26℃ , 33℃,无持续风向 1-2级 ,是
2018年08月22日广州天气预报,雷阵雨 /雷阵雨,26℃ , 34℃,无持续风向 1-2级 ,是
2018年08月23日广州天气预报,雷阵雨 /雷阵雨,25℃ , 34℃,无持续风向 1-2级 ,是
2018年08月24日广州天气预报,雷阵雨 /雷阵雨,26℃ , 34℃,无持续风向 1-2级 ,是
2018年08月25日广州天气预报,多云 /雷阵雨,26℃ , 35℃,无持续风向 <3级 ,是
2018年08月26日广州天气预报,雷阵雨 /雷阵雨,27℃ , 34℃,无持续风向 1-2级 ,是
2018年08月27日广州天气预报,雷阵雨 /大雨,26℃ , 32℃,无持续风向 1-2级 ,是
2018年08月28日广州天气预报,大雨 /暴雨,26℃ , 32℃,无持续风向 1-2级 ,是
2018年08月29日广州天气预报,暴雨 /暴雨,25℃ , 29℃,无持续风向 1-2级 ,是
2018年08月30日广州天气预报,暴雨 /雷阵雨,25℃ , 29℃,南风 3-4级 ,是
2018年08月31日广州天气预报,雷阵雨 /雷阵雨,25℃ , 30℃,无持续风向 1-2级 ,是
2018年09月01日广州天气预报,暴雨 /雷阵雨,24℃ , 29℃,无持续风向 1-2级 ,是
2018年09月02日广州天气预报,雷阵雨 /雷阵雨,24℃ , 30℃,无持续风向 1-2级 ,是
2018年09月03日广州天气预报,雷阵雨 /多云,26℃ , 32℃,无持续风向 1-2级 ,是
2018年09月04日广州天气预报,多云 /多云,26℃ , 34℃,无持续风向 1-2级 ,否
2018年09月05日广州天气预报,雷阵雨 /阵雨,26℃ , 35℃,无持续风向 1-2级 ,是
2018年09月06日广州天气预报,雷阵雨 /中雨,25℃ , 34℃,无持续风向 1-2级 ,是
2018年09月07日广州天气预报,中雨 /中雨,24℃ , 32℃,无持续风向 1-2级 ,是
2018年09月08日广州天气预报,阵雨 /多云,23℃ , 32℃,无持续风向 1-2级 ,否
2018年09月09日广州天气预报,多云 /多云,24℃ , 30℃,无持续风向 1-2级 ,否
2018年09月10日广州天气预报,多云 /多云,24℃ , 31℃,无持续风向 1-2级 ,否
2018年09月11日广州天气预报,多云 /多云,24℃ , 32℃,无持续风向 1-2级 ,否
2018年09月12日广州天气预报,雷阵雨 /中雨,25℃ , 31℃,东北风 3-4级 ,是
2018年09月13日广州天气预报,雷阵雨 /多云,25℃ , 32℃,东北风 3-4级 ,是
2018年09月14日广州天气预报,晴 /晴,26℃ , 34℃,无持续风向 1-2级 ,否
2018年09月15日广州天气预报,晴 /雷阵雨,25℃ , 35℃,东北风 4-5级 ,是
2018年09月16日广州天气预报,大暴雨 /暴雨,24℃ , 29℃,东北风 8-9级 ,是
2018年09月17日广州天气预报,中雨 /雷阵雨,25℃ , 29℃,东南风 4-5级 ,是
2018年09月18日广州天气预报,雷阵雨 /多云,26℃ , 32℃,无持续风向 1-2级 ,是
2018年09月19日广州天气预报,多云 /多云,25℃ , 34℃,无持续风向 1-2级 ,否
2018年09月20日广州天气预报,多云 /多云,25℃ , 34℃,无持续风向 1-2级 ,否
2018年09月21日广州天气预报,雷阵雨 /多云,25℃ , 34℃,无持续风向 1-2级 ,是
2018年09月22日广州天气预报,多云 /多云,26℃ , 33℃,无持续风向 1-2级 ,否
2018年09月23日广州天气预报,雷阵雨 /雷阵雨,25℃ , 31℃,无持续风向 1-2级 ,是
2018年09月24日广州天气预报,雷阵雨 /多云,25℃ , 31℃,无持续风向 1-2级 ,是
2018年09月25日广州天气预报,雷阵雨 /多云,25℃ , 32℃,无持续风向 1-2级 ,是
2018年09月26日广州天气预报,雷阵雨 /多云,25℃ , 32℃,无持续风向 1-2级 ,是
2018年09月27日广州天气预报,多云 /多云,24℃ , 31℃,无持续风向 1-2级 ,否
2018年09月28日广州天气预报,晴 /晴,24℃ , 32℃,北风 3-4级 ,否
2018年09月29日广州天气预报,晴 /多云,22℃ , 29℃,北风 3-4级 ,否
2018年09月30日广州天气预报,晴 /多云,21℃ , 31℃,无持续风向 1-2级 ,否
2018年10月01日广州天气预报,晴 /晴,20℃ , 30℃,无持续风向 1-2级 ,否
2018年10月02日广州天气预报,晴 /晴,19℃ , 31℃,无持续风向 1-2级 ,否
2018年10月03日广州天气预报,晴 /晴,20℃ , 31℃,无持续风向 1-2级 ,否
2018年10月04日广州天气预报,晴 /晴,20℃ , 31℃,北风 3-4级 ,否
2018年10月05日广州天气预报,晴 /晴,20℃ , 30℃,北风 3-4级 ,否
2018年10月06日广州天气预报,晴 /晴,21℃ , 30℃,北风 3-4级 ,否
2018年10月07日广州天气预报,晴 /多云,21℃ , 31℃,无持续风向 1-2级 ,否
2018年10月08日广州天气预报,多云 /多云,22℃ , 32℃,无持续风向 1-2级 ,否
2018年10月09日广州天气预报,多云 /多云,20℃ , 32℃,无持续风向 1-2级 ,否
2018年10月10日广州天气预报,小雨 /小雨,18℃ , 24℃,北风 3-4级 ,否
2018年10月11日广州天气预报,阴 /阴,18℃ , 24℃,北风 3-4级 ,否
2018年10月12日广州天气预报,多云 /多云,19℃ , 25℃,无持续风向 1-2级 ,否
2018年10月13日广州天气预报,阵雨 /多云,21℃ , 26℃,无持续风向 1-2级 ,否
2018年10月14日广州天气预报,阴 /小雨,22℃ , 27℃,无持续风向 1-2级 ,否
2018年10月15日广州天气预报,中雨 /大雨,21℃ , 27℃,无持续风向 1-2级 ,是
2018年10月16日广州天气预报,小雨 /小雨,19℃ , 25℃,北风 3-4级 ,否
2018年10月17日广州天气预报,中雨 /多云,18℃ , 23℃,北风 3-4级 ,是
2018年10月18日广州天气预报,多云 /多云,19℃ , 24℃,无持续风向 1-2级 ,否
2018年10月19日广州天气预报,多云 /多云,21℃ , 25℃,无持续风向 1-2级 ,否
2018年10月20日广州天气预报,阴 /多云,21℃ , 26℃,无持续风向 1-2级 ,否
2018年10月21日广州天气预报,多云 /多云,22℃ , 27℃,无持续风向 1-2级 ,否
2018年10月22日广州天气预报,小雨 /小雨,22℃ , 28℃,无持续风向 1-2级 ,否
2018年10月23日广州天气预报,小雨 /阴,21℃ , 26℃,无持续风向 1-2级 ,否
2018年10月24日广州天气预报,多云 /多云,21℃ , 27℃,无持续风向 1-2级 ,否
2018年10月25日广州天气预报,多云 /多云,21℃ , 28℃,无持续风向 1-2级 ,否
2018年10月26日广州天气预报,小雨 /多云,20℃ , 26℃,北风 3-4级 ,否
2018年10月27日广州天气预报,晴 /晴,16℃ , 26℃,北风 3-4级 ,否
2018年10月28日广州天气预报,晴 /晴,17℃ , 28℃,北风 3-4级 ,否
2018年10月29日广州天气预报,晴 /晴,17℃ , 29℃,无持续风向 1-2级 ,否
2018年10月30日广州天气预报,晴 /晴,17℃ , 29℃,北风 3-4级 ,否
2018年10月31日广州天气预报,晴 /多云,18℃ , 28℃,北风 3-4级 ,否
2018年11月01日广州天气预报,阵雨 /多云,19℃ , 25℃,北风 4-5级 ,否
2018年11月02日广州天气预报,阴 /阴,17℃ , 25℃,北风 3-4级 ,否
2018年11月03日广州天气预报,多云 /多云,18℃ , 26℃,无持续风向 1-2级 ,否
2018年11月04日广州天气预报,多云 /多云,19℃ , 26℃,无持续风向 1-2级 ,否
2018年11月05日广州天气预报,多云 /多云,20℃ , 27℃,无持续风向 1-2级 ,否
2018年11月06日广州天气预报,多云 /多云,21℃ , 29℃,无持续风向 1-2级 ,否
2018年11月07日广州天气预报,多云 /阴,19℃ , 28℃,无持续风向 1-2级 ,否
2018年11月08日广州天气预报,多云 /多云,17℃ , 26℃,无持续风向 1-2级 ,否
2018年11月09日广州天气预报,多云 /多云,19℃ , 26℃,无持续风向 1-2级 ,否
2018年11月10日广州天气预报,阴 /多云,20℃ , 26℃,无持续风向 1-2级 ,否
2018年11月11日广州天气预报,多云 /阴,21℃ , 28℃,无持续风向 1-2级 ,否
2018年11月12日广州天气预报,多云 /阴,19℃ , 26℃,无持续风向 1-2级 ,否
2018年11月13日广州天气预报,多云 /多云,20℃ , 28℃,无持续风向 1-2级 ,否
2018年11月14日广州天气预报,多云 /多云,21℃ , 28℃,无持续风向 1-2级 ,否
2018年11月15日广州天气预报,小雨 /中雨,21℃ , 26℃,东南风 3-4级 ,是
2018年11月16日广州天气预报,小雨 /小雨,20℃ , 25℃,无持续风向 1-2级 ,否
2018年11月17日广州天气预报,小雨 /小雨,17℃ , 23℃,无持续风向 1-2级 ,否
2018年11月18日广州天气预报,阴 /小雨,16℃ , 24℃,无持续风向 1-2级 ,否
2018年11月19日广州天气预报,小雨 /阴,17℃ , 22℃,北风 3-4级 ,否
2018年11月20日广州天气预报,多云 /阵雨,18℃ , 24℃,无持续风向 1-2级 ,否
2018年11月21日广州天气预报,小雨 /小到中雨,14℃ , 24℃,北风 3-4级 ,是
2018年11月22日广州天气预报,多云 /多云,13℃ , 21℃,北风 3-4级 ,否
2018年11月23日广州天气预报,晴 /晴,15℃ , 23℃,无持续风向 1-2级 ,否
2018年11月24日广州天气预报,晴 /多云,15℃ , 25℃,无持续风向 1-2级 ,否
2018年11月25日广州天气预报,多云 /多云,17℃ , 25℃,无持续风向 1-2级 ,否
2018年11月26日广州天气预报,多云 /阴,16℃ , 24℃,无持续风向 1-2级 ,否
2018年11月27日广州天气预报,阴 /小雨,16℃ , 23℃,无持续风向 1-2级 ,否
2018年11月28日广州天气预报,阴 /多云,13℃ , 22℃,无持续风向 1-2级 ,否
2018年11月29日广州天气预报,晴 /晴,14℃ , 25℃,无持续风向 1-2级 ,否
2018年11月30日广州天气预报,多云 /多云,17℃ , 26℃,无持续风向 1-2级 ,否
2018年12月01日广州天气预报,小雨 /多云,18℃ , 25℃,无持续风向 1-2级 ,否
2018年12月02日广州天气预报,多云 /多云,19℃ , 25℃,无持续风向 1-2级 ,否
2018年12月03日广州天气预报,多云 /阴,19℃ , 27℃,无持续风向 1-2级 ,否
2018年12月04日广州天气预报,多云 /多云,18℃ , 27℃,无持续风向 1-2级 ,否
2018年12月05日广州天气预报,多云 /小雨,19℃ , 26℃,无持续风向 1-2级 ,否
2018年12月06日广州天气预报,小雨 /小雨,14℃ , 25℃,无持续风向 1-2级 ,否
2018年12月07日广州天气预报,小雨 /小雨,12℃ , 17℃,北风 3-4级 ,否
2018年12月08日广州天气预报,小雨 /小到中雨,9℃ , 15℃,北风 3-4级 ,是
2018年12月09日广州天气预报,小雨 /小雨,8℃ , 11℃,北风 3-4级 ,否
2018年12月10日广州天气预报,多云 /阴,9℃ , 13℃,无持续风向 1-2级 ,否
2018年12月11日广州天气预报,阴 /小雨,9℃ , 14℃,北风 3-4级 ,否
2018年12月12日广州天气预报,小雨 /阴,7℃ , 11℃,北风 3-4级 ,否
2018年12月13日广州天气预报,多云 /多云,9℃ , 14℃,北风 3-4级 ,否
2018年12月14日广州天气预报,多云 /多云,10℃ , 16℃,北风 3-4级 ,否
2018年12月15日广州天气预报,多云 /多云,13℃ , 19℃,无持续风向 1-2级 ,否
2018年12月16日广州天气预报,小雨 /晴,11℃ , 20℃,北风 3-4级 ,否
2018年12月17日广州天气预报,晴 /晴,9℃ , 20℃,北风 3-4级 ,否
2018年12月18日广州天气预报,晴 /多云,13℃ , 21℃,无持续风向 1-2级 ,否
2018年12月19日广州天气预报,多云 /小雨,15℃ , 22℃,无持续风向 1-2级 ,否
2018年12月20日广州天气预报,多云 /多云,19℃ , 25℃,无持续风向 1-2级 ,否
2018年12月21日广州天气预报,多云 /多云,19℃ , 26℃,无持续风向 1-2级 ,否
2018年12月22日广州天气预报,多云 /小雨,16℃ , 28℃,无持续风向 1-2级 ,否
2018年12月23日广州天气预报,阴 /多云,15℃ , 21℃,北风 3-4级 ,否
2018年12月24日广州天气预报,小雨 /小雨,12℃ , 18℃,无持续风向 1-2级 ,否
2018年12月25日广州天气预报,小雨 /多云,15℃ , 22℃,无持续风向 1-2级 ,否
2018年12月26日广州天气预报,多云 /多云,15℃ , 25℃,无持续风向 1-2级 ,否
2018年12月27日广州天气预报,多云 /阴,13℃ , 22℃,北风 3-4级 ,否
2018年12月28日广州天气预报,多云 /阴,7℃ , 18℃,北风 3-4级 ,否
2018年12月29日广州天气预报,阴 /阴,5℃ , 12℃,北风 4-5级 ,否
2018年12月30日广州天气预报,小雨 /小雨,6℃ , 10℃,北风 4-5级 ,否
2018年12月31日广州天气预报,阴 /阴,6℃ , 9℃,北风 3-4级 ,否
2019年01月01日广州天气预报,阴 /小雨,7℃ , 11℃,北风 3-4级 ,否
2019年01月02日广州天气预报,小雨 /小雨,8℃ , 11℃,北风 3-4级 ,否
2019年01月03日广州天气预报,小雨 /阴,9℃ , 14℃,无持续风向 1-2级 ,否
2019年01月04日广州天气预报,阴 /小雨,14℃ , 18℃,无持续风向 1-2级 ,否
2019年01月05日广州天气预报,阴 /阴,12℃ , 18℃,无持续风向 1-2级 ,否
2019年01月06日广州天气预报,阴 /阴,11℃ , 16℃,无持续风向 1-2级 ,否
2019年01月07日广州天气预报,阴 /小雨,12℃ , 18℃,无持续风向 1-2级 ,否
2019年01月08日广州天气预报,阴 /小雨,13℃ , 17℃,无持续风向 1-2级 ,否
2019年01月09日广州天气预报,小雨 /小雨,12℃ , 19℃,无持续风向 1-2级 ,否
2019年01月10日广州天气预报,小雨 /阴,14℃ , 21℃,无持续风向 1-2级 ,否
2019年01月11日广州天气预报,阴 /小雨,16℃ , 21℃,无持续风向 1-2级 ,否
2019年01月12日广州天气预报,阴 /阴,15℃ , 20℃,无持续风向 1-2级 ,否
2019年01月13日广州天气预报,阴 /阴,16℃ , 21℃,无持续风向 1-2级 ,否
2019年01月14日广州天气预报,阴 /阴,17℃ , 23℃,无持续风向 1-2级 ,否
2019年01月15日广州天气预报,小雨 /小雨,11℃ , 20℃,无持续风向 1-2级 ,否
2019年01月16日广州天气预报,阴 /阴,11℃ , 15℃,北风 3-4级 ,否
2019年01月17日广州天气预报,多云 /多云,9℃ , 18℃,北风 3-4级 ,否
2019年01月18日广州天气预报,多云 /阴,10℃ , 19℃,无持续风向 1-2级 ,否
2019年01月19日广州天气预报,阴 /小雨,15℃ , 21℃,无持续风向 1-2级 ,否
2019年01月20日广州天气预报,多云 /小雨,11℃ , 24℃,北风 3-4级 ,否
2019年01月21日广州天气预报,多云 /晴,9℃ , 16℃,北风 4-5级 ,否
2019年01月22日广州天气预报,多云 /晴,7℃ , 19℃,北风 3-4级 ,否
2019年01月23日广州天气预报,晴 /晴,9℃ , 21℃,无持续风向 1-2级 ,否
2019年01月24日广州天气预报,晴 /多云,12℃ , 21℃,无持续风向 1-2级 ,否
2019年01月25日广州天气预报,晴 /晴,13℃ , 23℃,无持续风向 1-2级 ,否
2019年01月26日广州天气预报,晴 /晴,10℃ , 20℃,无持续风向 3-4级 ,否
2019年01月27日广州天气预报,晴 /晴,10℃ , 23℃,无持续风向 1-2级 ,否
2019年01月28日广州天气预报,多云 /晴,11℃ , 23℃,无持续风向 1-2级 ,否
2019年01月29日广州天气预报,多云 /多云,15℃ , 23℃,无持续风向 1-2级 ,否
2019年01月30日广州天气预报,多云 /多云,14℃ , 24℃,无持续风向 1-2级 ,否
2019年01月31日广州天气预报,多云 /多云,11℃ , 25℃,无持续风向 1-2级 ,否
2019年02月01日广州天气预报,多云 /小雨,13℃ , 19℃,东北风 3-4级 ,否
2019年02月02日广州天气预报,阴 /阴,16℃ , 21℃,东南风 3-4级 ,否
2019年02月03日广州天气预报,阴 /阴,16℃ , 24℃,无持续风向 1-2级 ,否
2019年02月04日广州天气预报,多云 /多云,17℃ , 26℃,无持续风向 1-2级 ,否
2019年02月05日广州天气预报,阴 /多云,19℃ , 25℃,无持续风向 1-2级 ,否
2019年02月06日广州天气预报,阴 /多云,19℃ , 25℃,无持续风向 1-2级 ,否
2019年02月07日广州天气预报,阴 /多云,20℃ , 27℃,无持续风向 1-2级 ,否
2019年02月08日广州天气预报,多云 /多云,20℃ , 28℃,东南风 3-4级 ,否
2019年02月09日广州天气预报,多云 /多云,18℃ , 25℃,无持续风向 1-2级 ,否
2019年02月10日广州天气预报,阴 /阴,12℃ , 15℃,无持续风向 1-2级 ,否
2019年02月11日广州天气预报,阴 /多云,13℃ , 16℃,无持续风向 1-2级 ,否
2019年02月12日广州天气预报,多云 /多云,17℃ , 20℃,无持续风向 1-2级 ,否
2019年02月13日广州天气预报,多云 /阴,18℃ , 25℃,无持续风向 1-2级 ,否
2019年02月14日广州天气预报,阴 /阴,18℃ , 23℃,东南风 3-4级 ,否
2019年02月15日广州天气预报,小雨 /小雨,18℃ , 26℃,无持续风向 1-2级 ,否
2019年02月16日广州天气预报,小雨 /小雨,17℃ , 26℃,无持续风向 1-2级 ,否
2019年02月17日广州天气预报,阴 /小雨,16℃ , 20℃,无持续风向 1-2级 ,否
2019年02月18日广州天气预报,大雨 /大雨,17℃ , 20℃,东南风 3-4级 ,是
2019年02月19日广州天气预报,阵雨 /阵雨,16℃ , 21℃,东北风 3-4级 ,否
2019年02月20日广州天气预报,阵雨 /小到中雨,17℃ , 25℃,无持续风向 1-2级 ,是
2019年02月21日广州天气预报,小到中雨 /多云,17℃ , 25℃,无持续风向 1-2级 ,是
2019年02月22日广州天气预报,阴 /小到中雨,12℃ , 20℃,北风 3-4级 ,是
2019年02月23日广州天气预报,小到中雨 /阵雨,11℃ , 15℃,无持续风向 1-2级 ,是
2019年02月24日广州天气预报,阴 /多云,12℃ , 16℃,无持续风向 1-2级 ,否
2019年02月25日广州天气预报,阴 /小雨,12℃ , 19℃,无持续风向 1-2级 ,否
2019年02月26日广州天气预报,小雨 /小雨,13℃ , 17℃,无持续风向 1-2级 ,否
2019年02月27日广州天气预报,阴 /阴,17℃ , 22℃,无持续风向 1-2级 ,否
2019年02月28日广州天气预报,阴 /阴,18℃ , 23℃,无持续风向 1-2级 ,否
2019年03月01日广州天气预报,多云 /多云,18℃ , 24℃,南风 3-4级 ,否
2019年03月02日广州天气预报,多云 /中雨,16℃ , 26℃,南风 3-4级 ,是
2019年03月03日广州天气预报,小雨 /多云,14℃ , 21℃,无持续风向 1-2级 ,否
2019年03月04日广州天气预报,小雨 /中雨,15℃ , 23℃,东南风 1-2级 ,是
2019年03月05日广州天气预报,阵雨 /中雨,17℃ , 22℃,无持续风向 1-2级 ,是
2019年03月06日广州天气预报,中到大雨 /大雨,13℃ , 21℃,无持续风向 1-2级 ,是
2019年03月07日广州天气预报,中雨 /中到大雨,13℃ , 16℃,东北风 3-4级 ,是
2019年03月08日广州天气预报,中雨 /小到中雨,13℃ , 17℃,无持续风向 1-2级 ,是
2019年03月09日广州天气预报,大雨 /中雨,13℃ , 17℃,北风 3-4级 ,是
2019年03月10日广州天气预报,小雨 /多云,12℃ , 17℃,无持续风向 1-2级 ,否
2019年03月11日广州天气预报,多云 /晴,14℃ , 20℃,无持续风向 1-2级 ,否
2019年03月12日广州天气预报,晴 /多云,15℃ , 25℃,无持续风向 1-2级 ,否
2019年03月13日广州天气预报,多云 /中雨,14℃ , 24℃,无持续风向 1-2级 ,是
2019年03月14日广州天气预报,阵雨 /小雨,16℃ , 21℃,无持续风向 1-2级 ,否
2019年03月15日广州天气预报,阴 /多云,14℃ , 20℃,无持续风向 1-2级 ,否
2019年03月16日广州天气预报,多云 /多云,17℃ , 24℃,无持续风向 1-2级 ,否
2019年03月17日广州天气预报,多云 /小雨,18℃ , 24℃,无持续风向 1-2级 ,否
2019年03月18日广州天气预报,阴 /阴,20℃ , 26℃,无持续风向 1-2级 ,否
2019年03月19日广州天气预报,多云 /多云,19℃ , 25℃,无持续风向 1-2级 ,否
2019年03月20日广州天气预报,阵雨 /阵雨,22℃ , 28℃,无持续风向 1-2级 ,否
2019年03月21日广州天气预报,多云 /雷阵雨,20℃ , 28℃,无持续风向 1-2级 ,是
2019年03月22日广州天气预报,雷阵雨 /中雨,15℃ , 27℃,无持续风向 1-2级 ,是
2019年03月23日广州天气预报,小雨 /小雨,14℃ , 18℃,北风 3-4级 ,否
2019年03月24日广州天气预报,中雨 /中雨,12℃ , 17℃,无持续风向 1-2级 ,是
2019年03月25日广州天气预报,小雨 /阴,14℃ , 19℃,无持续风向 1-2级 ,否
2019年03月26日广州天气预报,多云 /多云,18℃ , 26℃,无持续风向 1-2级 ,否
2019年03月27日广州天气预报,多云 /阴,20℃ , 26℃,无持续风向 1-2级 ,否
2019年03月28日广州天气预报,多云 /阴,21℃ , 27℃,无持续风向 1-2级 ,否
2019年03月29日广州天气预报,中雨 /雷阵雨,20℃ , 27℃,无持续风向 1-2级 ,是
2019年03月30日广州天气预报,多云 /阵雨,20℃ , 28℃,无持续风向 1-2级 ,否
2019年03月31日广州天气预报,雷阵雨 /阵雨,19℃ , 27℃,无持续风向 1-2级 ,是
2019年04月01日广州天气预报,阵雨 /多云,16℃ , 21℃,无持续风向 1-2级 ,否
2019年04月02日广州天气预报,阴 /多云,18℃ , 25℃,东南风 3-4级 ,否
2019年04月03日广州天气预报,多云 /雷阵雨,20℃ , 27℃,无持续风向 1-2级 ,是
2019年04月04日广州天气预报,阵雨 /阵雨,19℃ , 25℃,无持续风向 1-2级 ,否
2019年04月05日广州天气预报,多云 /多云,19℃ , 27℃,无持续风向 1-2级 ,否
2019年04月06日广州天气预报,多云 /多云,21℃ , 28℃,无持续风向 1-2级 ,否
2019年04月07日广州天气预报,多云 /多云,22℃ , 29℃,无持续风向 1-2级 ,否
2019年04月08日广州天气预报,多云 /多云,23℃ , 30℃,无持续风向 1-2级 ,否
2019年04月09日广州天气预报,多云 /多云,24℃ , 30℃,无持续风向 1-2级 ,否
2019年04月10日广州天气预报,雷阵雨 /雷阵雨,22℃ , 30℃,无持续风向 1-2级 ,是
2019年04月11日广州天气预报,中雨 /雷阵雨,20℃ , 29℃,无持续风向 1-2级 ,是
2019年04月12日广州天气预报,大到暴雨 /大到暴雨,16℃ , 21℃,无持续风向 1-2级 ,是
2019年04月13日广州天气预报,大到暴雨 /中到大雨,19℃ , 23℃,无持续风向 1-2级 ,是
2019年04月14日广州天气预报,中雨 /多云,19℃ , 25℃,无持续风向 1-2级 ,是
2019年04月15日广州天气预报,阵雨 /大雨,19℃ , 24℃,无持续风向 1-2级 ,是
2019年04月16日广州天气预报,大雨 /阴,18℃ , 22℃,无持续风向 1-2级 ,是
2019年04月17日广州天气预报,多云 /多云,21℃ , 27℃,无持续风向 1-2级 ,否
2019年04月18日广州天气预报,大雨 /暴雨,22℃ , 25℃,无持续风向 1-2级 ,是
2019年04月19日广州天气预报,大雨 /雷阵雨,20℃ , 25℃,无持续风向 1-2级 ,是
2019年04月20日广州天气预报,大雨 /雷阵雨,20℃ , 28℃,无持续风向 1-2级 ,是
2019年04月21日广州天气预报,中雨 /雷阵雨,23℃ , 28℃,无持续风向 1-2级 ,是
2019年04月22日广州天气预报,雷阵雨 /多云,24℃ , 28℃,南风 3-4级 ,是
2019年04月23日广州天气预报,多云 /多云,24℃ , 30℃,无持续风向 1-2级 ,否
2019年04月24日广州天气预报,多云 /多云,24℃ , 32℃,无持续风向 1-2级 ,否
2019年04月25日广州天气预报,雷阵雨 /雷阵雨,22℃ , 31℃,无持续风向 1-2级 ,是
2019年04月26日广州天气预报,中雨 /中雨,24℃ , 29℃,无持续风向 1-2级 ,是
2019年04月27日广州天气预报,中到大雨 /雷阵雨,22℃ , 27℃,无持续风向 1-2级 ,是
2019年04月28日广州天气预报,雷阵雨 /雷阵雨,23℃ , 28℃,无持续风向 1-2级 ,是
2019年04月29日广州天气预报,多云 /多云,22℃ , 30℃,无持续风向 1-2级 ,否
2019年04月30日广州天气预报,大到暴雨 /中雨,21℃ , 27℃,北风 3-4级 ,是
2019年05月01日广州天气预报,多云 /多云,20℃ , 26℃,无持续风向 1-2级 ,否
2019年05月02日广州天气预报,阵雨 /多云,18℃ , 24℃,无持续风向 1-2级 ,否
2019年05月03日广州天气预报,多云 /雷阵雨,20℃ , 25℃,无持续风向 1-2级 ,是
2019年05月04日广州天气预报,阵雨 /阵雨,20℃ , 26℃,无持续风向 1-2级 ,否
2019年05月05日广州天气预报,大到暴雨 /大到暴雨,18℃ , 23℃,无持续风向 1-2级 ,是
2019年05月06日广州天气预报,中雨 /中雨,19℃ , 23℃,无持续风向 1-2级 ,是
2019年05月07日广州天气预报,小到中雨 /中雨,19℃ , 23℃,无持续风向 1-2级 ,是
2019年05月08日广州天气预报,中到大雨 /中雨,19℃ , 20℃,无持续风向 1-2级 ,是
2019年05月09日广州天气预报,阴 /多云,20℃ , 26℃,无持续风向 1-2级 ,否
2019年05月10日广州天气预报,多云 /多云,22℃ , 28℃,无持续风向 1-2级 ,否
2019年05月11日广州天气预报,多云 /多云,23℃ , 30℃,无持续风向 1-2级 ,否
2019年05月12日广州天气预报,多云 /多云,23℃ , 31℃,无持续风向 1-2级 ,否
2019年05月13日广州天气预报,多云 /多云,24℃ , 32℃,无持续风向 1-2级 ,否
2019年05月14日广州天气预报,多云 /雷阵雨,26℃ , 32℃,无持续风向 1-2级 ,是
2019年05月15日广州天气预报,雷阵雨 /雷阵雨,26℃ , 32℃,无持续风向 1-2级 ,是
2019年05月16日广州天气预报,雷阵雨 /多云,26℃ , 33℃,无持续风向 1-2级 ,是
2019年05月17日广州天气预报,雷阵雨 /雷阵雨,27℃ , 33℃,无持续风向 1-2级 ,是
2019年05月18日广州天气预报,雷阵雨 /雷阵雨,26℃ , 34℃,无持续风向 1-2级 ,是
2019年05月19日广州天气预报,雷阵雨 /大雨,24℃ , 35℃,无持续风向 1-2级 ,是
2019年05月20日广州天气预报,中雨 /阴,23℃ , 29℃,北风 3-4级 ,是
2019年05月21日广州天气预报,多云 /阵雨,24℃ , 31℃,无持续风向 1-2级 ,否
2019年05月22日广州天气预报,中雨 /中雨,25℃ , 30℃,无持续风向 1-2级 ,是
2019年05月23日广州天气预报,中雨 /中到大雨,24℃ , 29℃,无持续风向 1-2级 ,是
2019年05月24日广州天气预报,中雨 /雷阵雨,24℃ , 28℃,无持续风向 1-2级 ,是
2019年05月25日广州天气预报,中到大雨 /中雨,24℃ , 29℃,无持续风向 1-2级 ,是
2019年05月26日广州天气预报,中雨 /雷阵雨,24℃ , 29℃,无持续风向 1-2级 ,是
2019年05月27日广州天气预报,大到暴雨 /大到暴雨,23℃ , 28℃,无持续风向 1-2级 ,是
2019年05月28日广州天气预报,大到暴雨 /大到暴雨,23℃ , 27℃,无持续风向 1-2级 ,是
2019年05月29日广州天气预报,大雨 /中到大雨,24℃ , 28℃,无持续风向 1-2级 ,是
2019年05月30日广州天气预报,中到大雨 /中到大雨,24℃ , 27℃,无持续风向 1-2级 ,是
2019年05月31日广州天气预报,中雨 /中雨,24℃ , 28℃,无持续风向 1-2级 ,是
2019年06月01日广州天气预报,中雨 /大雨,25℃ , 30℃,无持续风向 1-2级 ,是
2019年06月02日广州天气预报,中到大雨 /中雨,25℃ , 30℃,无持续风向 1-2级 ,是
2019年06月03日广州天气预报,中雨 /中雨,26℃ , 31℃,无持续风向 1-2级 ,是
2019年06月04日广州天气预报,中雨 /中雨,26℃ , 32℃,无持续风向 1-2级 ,是
2019年06月05日广州天气预报,中雨 /雷阵雨,26℃ , 32℃,无持续风向 1-2级 ,是
2019年06月06日广州天气预报,雷阵雨 /多云,27℃ , 34℃,无持续风向 1-2级 ,是
2019年06月07日广州天气预报,雷阵雨 /多云,28℃ , 34℃,无持续风向 1-2级 ,是
2019年06月08日广州天气预报,雷阵雨 /多云,28℃ , 35℃,无持续风向 1-2级 ,是
2019年06月09日广州天气预报,雷阵雨 /雷阵雨,26℃ , 35℃,西南风 4-5级 ,是
2019年06月10日广州天气预报,中到大雨 /暴雨,24℃ , 33℃,无持续风向 1-2级 ,是
2019年06月11日广州天气预报,中到大雨 /大雨,24℃ , 28℃,西南风 3-4级 ,是
2019年06月12日广州天气预报,大雨 /暴雨,24℃ , 29℃,无持续风向 1-2级 ,是
2019年06月13日广州天气预报,暴雨 /阵雨,24℃ , 29℃,无持续风向 1-2级 ,是
2019年06月14日广州天气预报,晴 /晴,25℃ , 33℃,无持续风向 1-2级 ,否
2019年06月15日广州天气预报,晴 /雷阵雨,26℃ , 34℃,无持续风向 1-2级 ,是
2019年06月16日广州天气预报,雷阵雨 /雷阵雨,26℃ , 34℃,东南风 3-4级 ,是
2019年06月17日广州天气预报,雷阵雨 /多云,26℃ , 32℃,东南风 3-4级 ,是
2019年06月18日广州天气预报,中雨 /多云,27℃ , 32℃,东南风 3-4级 ,是
2019年06月19日广州天气预报,多云 /多云,27℃ , 34℃,南风 3-4级 ,否
2019年06月20日广州天气预报,雷阵雨 /多云,28℃ , 34℃,无持续风向 1-2级 ,是
2019年06月21日广州天气预报,雷阵雨 /多云,28℃ , 35℃,无持续风向 1-2级 ,是
2019年06月22日广州天气预报,多云 /雷阵雨,28℃ , 35℃,无持续风向 1-2级 ,是
2019年06月23日广州天气预报,中到大雨 /中到大雨,26℃ , 33℃,无持续风向 1-2级 ,是
2019年06月24日广州天气预报,暴雨 /大到暴雨,26℃ , 31℃,无持续风向 1-2级 ,是
2019年06月25日广州天气预报,大雨 /雷阵雨,25℃ , 28℃,无持续风向 1-2级 ,是
2019年06月26日广州天气预报,中雨 /雷阵雨,25℃ , 28℃,无持续风向 1-2级 ,是
2019年06月27日广州天气预报,雷阵雨 /多云,27℃ , 32℃,无持续风向 1-2级 ,是
2019年06月28日广州天气预报,雷阵雨 /多云,28℃ , 35℃,无持续风向 1-2级 ,是
2019年06月29日广州天气预报,雷阵雨 /多云,28℃ , 35℃,无持续风向 1-2级 ,是
2019年06月30日广州天气预报,雷阵雨 /阴,28℃ , 35℃,无持续风向 1-2级 ,是
2019年07月01日广州天气预报,雷阵雨 /中雨,27℃ , 34℃,无持续风向 1-2级 ,是
2019年07月02日广州天气预报,中雨 /大雨,26℃ , 34℃,无持续风向 1-2级 ,是
2019年07月03日广州天气预报,大雨 /大雨,25℃ , 30℃,东南风 3-4级 ,是
2019年07月04日广州天气预报,中雨 /雷阵雨,26℃ , 32℃,无持续风向 1-2级 ,是
2019年07月05日广州天气预报,雷阵雨 /多云,28℃ , 34℃,无持续风向 1-2级 ,是
2019年07月06日广州天气预报,雷阵雨 /雷阵雨,28℃ , 35℃,无持续风向 1-2级 ,是
2019年07月07日广州天气预报,雷阵雨 /多云,28℃ , 35℃,无持续风向 1-2级 ,是
2019年07月08日广州天气预报,多云 /多云,27℃ , 35℃,无持续风向 1-2级 ,否
2019年07月09日广州天气预报,雷阵雨 /大雨,27℃ , 34℃,无持续风向 1-2级 ,是
2019年07月10日广州天气预报,大雨 /大雨,25℃ , 28℃,无持续风向 1-2级 ,是
2019年07月11日广州天气预报,雷阵雨 /雷阵雨,26℃ , 31℃,无持续风向 1-2级 ,是
2019年07月12日广州天气预报,雷阵雨 /阵雨,27℃ , 33℃,无持续风向 1-2级 ,是
2019年07月13日广州天气预报,雷阵雨 /多云,28℃ , 33℃,无持续风向 1-2级 ,是
2019年07月14日广州天气预报,雷阵雨 /雷阵雨,28℃ , 34℃,无持续风向 1-2级 ,是
2019年07月15日广州天气预报,多云 /多云,27℃ , 34℃,无持续风向 1-2级 ,否
2019年07月16日广州天气预报,晴 /晴,27℃ , 35℃,无持续风向 1-2级 ,否
2019年07月17日广州天气预报,晴 /多云,28℃ , 36℃,无持续风向 1-2级 ,否
2019年07月18日广州天气预报,多云 /雷阵雨,28℃ , 37℃,无持续风向 1-2级 ,是
2019年07月19日广州天气预报,中雨 /雷阵雨,28℃ , 36℃,无持续风向 1-2级 ,是
2019年07月20日广州天气预报,雷阵雨 /多云,27℃ , 34℃,无持续风向 1-2级 ,是
2019年07月21日广州天气预报,雷阵雨 /多云,26℃ , 34℃,无持续风向 1-2级 ,是
2019年07月22日广州天气预报,雷阵雨 /多云,26℃ , 33℃,无持续风向 1-2级 ,是
2019年07月23日广州天气预报,中雨 /雷阵雨,26℃ , 33℃,无持续风向 1-2级 ,是
2019年07月24日广州天气预报,雷阵雨 /多云,26℃ , 33℃,无持续风向 1-2级 ,是
2019年07月25日广州天气预报,雷阵雨 /多云,27℃ , 34℃,无持续风向 1-2级 ,是
2019年07月26日广州天气预报,雷阵雨 /多云,27℃ , 35℃,无持续风向 1-2级 ,是
2019年07月27日广州天气预报,多云 /多云,28℃ , 35℃,无持续风向 1-2级 ,否
2019年07月28日广州天气预报,雷阵雨 /雷阵雨,27℃ , 34℃,无持续风向 1-2级 ,是
2019年07月29日广州天气预报,雷阵雨 /雷阵雨,27℃ , 34℃,无持续风向 1-2级 ,是
2019年07月30日广州天气预报,雷阵雨 /雷阵雨,26℃ , 34℃,东风 3-4级 ,是
2019年07月31日广州天气预报,大到暴雨 /暴雨,25℃ , 31℃,东风 4-5级 ,是
2019年08月01日广州天气预报,大到暴雨 /大雨,25℃ , 28℃,东风 4-5级 ,是
2019年08月02日广州天气预报,大雨 /中雨,25℃ , 28℃,东南风 3-4级 ,是
2019年08月03日广州天气预报,中雨 /雷阵雨,25℃ , 30℃,无持续风向 1-2级 ,是
2019年08月04日广州天气预报,雷阵雨 /多云,24℃ , 32℃,无持续风向 1-2级 ,是
2019年08月05日广州天气预报,多云 /多云,26℃ , 34℃,无持续风向 1-2级 ,否
2019年08月06日广州天气预报,多云 /多云,27℃ , 35℃,无持续风向 1-2级 ,否
2019年08月07日广州天气预报,多云 /多云,28℃ , 36℃,无持续风向 1-2级 ,否
2019年08月08日广州天气预报,多云 /多云,28℃ , 37℃,无持续风向 1-2级 ,否
2019年08月09日广州天气预报,多云 /多云,28℃ , 37℃,无持续风向 1-2级 ,否
2019年08月10日广州天气预报,雷阵雨 /多云,28℃ , 37℃,无持续风向 1-2级 ,是
2019年08月11日广州天气预报,雷阵雨 /中雨,27℃ , 35℃,无持续风向 1-2级 ,是
2019年08月12日广州天气预报,雷阵雨 /雷阵雨,27℃ , 34℃,无持续风向 1-2级 ,是
2019年08月13日广州天气预报,雷阵雨 /雷阵雨,27℃ , 35℃,无持续风向 1-2级 ,是
2019年08月14日广州天气预报,雷阵雨 /雷阵雨,27℃ , 35℃,无持续风向 1-2级 ,是
2019年08月15日广州天气预报,雷阵雨 /中到大雨,26℃ , 35℃,无持续风向 1-2级 ,是
2019年08月16日广州天气预报,中到大雨 /中到大雨,26℃ , 34℃,无持续风向 1-2级 ,是
2019年08月17日广州天气预报,中到大雨 /中到大雨,25℃ , 32℃,无持续风向 1-2级 ,是
2019年08月18日广州天气预报,中雨 /中雨,25℃ , 30℃,无持续风向 1-2级 ,是
2019年08月19日广州天气预报,雷阵雨 /雷阵雨,26℃ , 32℃,无持续风向 1-2级 ,是
2019年08月20日广州天气预报,雷阵雨 /多云,27℃ , 34℃,无持续风向 1-2级 ,是
2019年08月21日广州天气预报,雷阵雨 /多云,27℃ , 35℃,无持续风向 1-2级 ,是
2019年08月22日广州天气预报,雷阵雨 /雷阵雨,27℃ , 35℃,无持续风向 1-2级 ,是
2019年08月23日广州天气预报,多云 /多云,28℃ , 36℃,无持续风向 1-2级 ,否
2019年08月24日广州天气预报,多云 /多云,26℃ , 36℃,无持续风向 1-2级 ,否
2019年08月25日广州天气预报,大到暴雨 /大到暴雨,26℃ , 31℃,北风 4-5级 ,是
2019年08月26日广州天气预报,大雨 /阵雨,25℃ , 31℃,无持续风向 1-2级 ,是
2019年08月27日广州天气预报,雷阵雨 /多云,26℃ , 33℃,无持续风向 1-2级 ,是
2019年08月28日广州天气预报,多云 /雷阵雨,26℃ , 35℃,无持续风向 1-2级 ,是
2019年08月29日广州天气预报,雷阵雨 /雷阵雨,26℃ , 33℃,无持续风向 1-2级 ,是
2019年08月30日广州天气预报,中雨 /中雨,26℃ , 33℃,无持续风向 1-2级 ,是
2019年08月31日广州天气预报,雷阵雨 /雷阵雨,26℃ , 32℃,无持续风向 1-2级 ,是
2019年09月01日广州天气预报,雷阵雨 /中雨,26℃ , 32℃,东北风 3-4级 ,是
2019年09月02日广州天气预报,中雨 /雷阵雨,25℃ , 32℃,东北风 3-4级 ,是
2019年09月03日广州天气预报,雷阵雨 /多云,24℃ , 32℃,东北风 3-4级 ,是
2019年09月04日广州天气预报,雷阵雨 /大雨,25℃ , 31℃,东风 3-4级 ,是
2019年09月05日广州天气预报,雷阵雨 /雷阵雨,25℃ , 32℃,无持续风向 1-2级 ,是
2019年09月06日广州天气预报,多云 /多云,26℃ , 33℃,无持续风向 1-2级 ,否
2019年09月07日广州天气预报,多云 /多云,27℃ , 35℃,无持续风向 1-2级 ,否
2019年09月08日广州天气预报,多云 /多云,28℃ , 36℃,无持续风向 1-2级 ,否
2019年09月09日广州天气预报,雷阵雨 /多云,27℃ , 34℃,无持续风向 1-2级 ,是
2019年09月10日广州天气预报,雷阵雨 /多云,27℃ , 35℃,无持续风向 1-2级 ,是
2019年09月11日广州天气预报,多云 /多云,27℃ , 35℃,无持续风向 1-2级 ,否
2019年09月12日广州天气预报,多云 /多云,27℃ , 36℃,无持续风向 1-2级 ,否
2019年09月13日广州天气预报,多云 /多云,28℃ , 36℃,无持续风向 1-2级 ,否
2019年09月14日广州天气预报,多云 /多云,27℃ , 35℃,无持续风向 1-2级 ,否
2019年09月15日广州天气预报,雷阵雨 /雷阵雨,27℃ , 33℃,无持续风向 1-2级 ,是
2019年09月16日广州天气预报,雷阵雨 /雷阵雨,25℃ , 33℃,无持续风向 1-2级 ,是
2019年09月17日广州天气预报,雷阵雨 /雷阵雨,26℃ , 33℃,无持续风向 1-2级 ,是
2019年09月18日广州天气预报,多云 /多云,26℃ , 34℃,无持续风向 1-2级 ,否
2019年09月19日广州天气预报,晴 /晴,25℃ , 34℃,无持续风向 1-2级 ,否
2019年09月20日广州天气预报,晴 /晴,23℃ , 33℃,北风 3-4级 ,否
2019年09月21日广州天气预报,晴 /晴,23℃ , 33℃,无持续风向 1-2级 ,否
2019年09月22日广州天气预报,晴 /晴,22℃ , 31℃,无持续风向 1-2级 ,否
2019年09月23日广州天气预报,晴 /晴,21℃ , 31℃,北风 3-4级 ,否
2019年09月24日广州天气预报,晴 /晴,21℃ , 31℃,无持续风向 1-2级 ,否
2019年09月25日广州天气预报,晴 /晴,22℃ , 32℃,无持续风向 1-2级 ,否
2019年09月26日广州天气预报,多云 /晴,22℃ , 32℃,无持续风向 1-2级 ,否
2019年09月27日广州天气预报,多云 /多云,23℃ , 32℃,无持续风向 1-2级 ,否
2019年09月28日广州天气预报,多云 /多云,23℃ , 33℃,无持续风向 1-2级 ,否
2019年09月29日广州天气预报,晴 /晴,24℃ , 33℃,无持续风向 1-2级 ,否
2019年09月30日广州天气预报,晴 /晴,24℃ , 34℃,无持续风向 1-2级 ,否
2019年10月01日广州天气预报,晴 /晴,24℃ , 34℃,无持续风向 1-2级 ,否
2019年10月02日广州天气预报,晴 /晴,24℃ , 34℃,无持续风向 1-2级 ,否
2019年10月03日广州天气预报,晴 /晴,24℃ , 34℃,无持续风向 1-2级 ,否
2019年10月04日广州天气预报,晴 /晴,25℃ , 34℃,无持续风向 1-2级 ,否
2019年10月05日广州天气预报,晴 /多云,24℃ , 34℃,无持续风向 1-2级 ,否
2019年10月06日广州天气预报,雷阵雨 /雷阵雨,25℃ , 33℃,无持续风向 1-2级 ,是
2019年10月07日广州天气预报,阵雨 /多云,24℃ , 31℃,东风 3-4级 ,否
2019年10月08日广州天气预报,多云 /多云,24℃ , 32℃,无持续风向 1-2级 ,否
2019年10月09日广州天气预报,多云 /晴,24℃ , 31℃,无持续风向 1-2级 ,否
2019年10月10日广州天气预报,多云 /晴,23℃ , 33℃,无持续风向 1-2级 ,否
2019年10月11日广州天气预报,晴 /多云,24℃ , 33℃,无持续风向 1-2级 ,否
2019年10月12日广州天气预报,雷阵雨 /中雨,24℃ , 33℃,无持续风向 1-2级 ,是
2019年10月13日广州天气预报,雷阵雨 /阵雨,22℃ , 30℃,无持续风向 1-2级 ,是
2019年10月14日广州天气预报,阵雨 /阴,22℃ , 29℃,东北风 1-2级 ,否
2019年10月15日广州天气预报,多云 /晴,21℃ , 30℃,无持续风向 1-2级 ,否
2019年10月16日广州天气预报,晴 /晴,20℃ , 30℃,无持续风向 1-2级 ,否
2019年10月17日广州天气预报,晴 /晴,21℃ , 30℃,北风 3-4级 ,否
2019年10月18日广州天气预报,晴 /晴,20℃ , 30℃,北风 3-4级 ,否
2019年10月19日广州天气预报,晴 /晴,21℃ , 30℃,无持续风向 1-2级 ,否
2019年10月20日广州天气预报,晴 /晴,20℃ , 31℃,无持续风向 1-2级 ,否
2019年10月21日广州天气预报,晴 /多云,20℃ , 31℃,无持续风向 1-2级 ,否
2019年10月22日广州天气预报,多云 /多云,21℃ , 31℃,南风 3-4级 ,否
2019年10月23日广州天气预报,阵雨 /阵雨,22℃ , 31℃,无持续风向 1-2级 ,否
2019年10月24日广州天气预报,多云 /多云,21℃ , 29℃,无持续风向 1-2级 ,否
2019年10月25日广州天气预报,多云 /多云,21℃ , 30℃,东南风 1-2级 ,否
2019年10月26日广州天气预报,多云 /多云,22℃ , 30℃,无持续风向 1-2级 ,否
2019年10月27日广州天气预报,多云 /多云,20℃ , 27℃,无持续风向 1-2级 ,否
2019年10月28日广州天气预报,多云 /多云,19℃ , 27℃,无持续风向 1-2级 ,否
2019年10月29日广州天气预报,晴 /晴,16℃ , 26℃,北风 3-4级 ,否
2019年10月30日广州天气预报,多云 /多云,18℃ , 28℃,无持续风向 1-2级 ,否
2019年10月31日广州天气预报,小雨 /多云,20℃ , 26℃,无持续风向 1-2级 ,否
2019年11月01日广州天气预报,多云 /多云,19℃ , 29℃,无持续风向 1-2级 ,否
2019年11月02日广州天气预报,多云 /多云,21℃ , 31℃,无持续风向 1-2级 ,否
2019年11月03日广州天气预报,晴 /晴,20℃ , 30℃,北风 3-4级 ,否
2019年11月04日广州天气预报,晴 /晴,19℃ , 29℃,北风 3-4级 ,否
2019年11月05日广州天气预报,晴 /晴,17℃ , 30℃,无持续风向 1-2级 ,否
2019年11月06日广州天气预报,晴 /多云,19℃ , 29℃,无持续风向 1-2级 ,否
2019年11月07日广州天气预报,晴 /晴,17℃ , 27℃,北风 3-4级 ,否
2019年11月08日广州天气预报,晴 /晴,16℃ , 27℃,东北风 3-4级 ,否
2019年11月09日广州天气预报,晴 /晴,15℃ , 27℃,无持续风向 1-2级 ,否
2019年11月10日广州天气预报,晴 /晴,16℃ , 27℃,无持续风向 1-2级 ,否
2019年11月11日广州天气预报,晴 /晴,18℃ , 28℃,无持续风向 1-2级 ,否
2019年11月12日广州天气预报,晴 /晴,18℃ , 29℃,无持续风向 1-2级 ,否
2019年11月13日广州天气预报,多云 /晴,16℃ , 29℃,北风 3-4级 ,否
2019年11月14日广州天气预报,多云 /晴,14℃ , 25℃,无持续风向 1-2级 ,否
2019年11月15日广州天气预报,晴 /晴,17℃ , 27℃,无持续风向 1-2级 ,否
2019年11月16日广州天气预报,多云 /多云,19℃ , 28℃,无持续风向 1-2级 ,否
2019年11月17日广州天气预报,晴 /多云,17℃ , 29℃,无持续风向 3-4级 ,否
2019年11月18日广州天气预报,多云 /晴,13℃ , 26℃,无持续风向 4-5级 ,否
2019年11月19日广州天气预报,晴 /晴,15℃ , 24℃,北风 3-4级 ,否
2019年11月20日广州天气预报,晴 /晴,16℃ , 25℃,无持续风向 1-2级 ,否
2019年11月21日广州天气预报,晴 /晴,15℃ , 25℃,无持续风向 3-4级 ,否
2019年11月22日广州天气预报,晴 /晴,15℃ , 27℃,无持续风向 1-2级 ,否
2019年11月23日广州天气预报,晴 /晴,16℃ , 29℃,无持续风向 1-2级 ,否
2019年11月24日广州天气预报,晴 /多云,18℃ , 29℃,无持续风向 1-2级 ,否
2019年11月25日广州天气预报,多云 /多云,15℃ , 29℃,北风 4-5级 ,否
2019年11月26日广州天气预报,多云 /多云,18℃ , 25℃,无持续风向 1-2级 ,否
2019年11月27日广州天气预报,多云 /多云,15℃ , 25℃,无持续风向 1-2级 ,否
2019年11月28日广州天气预报,多云 /晴,12℃ , 20℃,东北风 3-4级 ,否
2019年11月29日广州天气预报,多云 /多云,14℃ , 23℃,无持续风向 1-2级 ,否
2019年11月30日广州天气预报,多云 /晴,14℃ , 24℃,北风 1-2级 ,否
2019年12月01日广州天气预报,多云 /多云,12℃ , 26℃,无持续风向 1-2级 ,否
2019年12月02日广州天气预报,多云 /晴,10℃ , 18℃,无持续风向 3-4级 ,否
2019年12月03日广州天气预报,晴 /晴,10℃ , 21℃,北风 3-4级 ,否
2019年12月04日广州天气预报,多云 /多云,12℃ , 22℃,北风 3-4级 ,否
2019年12月05日广州天气预报,阴 /多云,12℃ , 18℃,东北风 3-4级 ,否
2019年12月06日广州天气预报,晴 /晴,9℃ , 20℃,北风 4-5级 ,否
2019年12月07日广州天气预报,晴 /晴,9℃ , 21℃,北风 3-4级 ,否
2019年12月08日广州天气预报,晴 /晴,8℃ , 21℃,无持续风向 1-2级 ,否
2019年12月09日广州天气预报,晴 /晴,8℃ , 21℃,无持续风向 1-2级 ,否
2019年12月10日广州天气预报,晴 /晴,10℃ , 23℃,无持续风向 1-2级 ,否
2019年12月11日广州天气预报,晴 /晴,10℃ , 24℃,无持续风向 1-2级 ,否
2019年12月12日广州天气预报,晴 /多云,12℃ , 26℃,无持续风向 1-2级 ,否
2019年12月13日广州天气预报,晴 /晴,14℃ , 25℃,无持续风向 1-2级 ,否
2019年12月14日广州天气预报,晴 /多云,15℃ , 26℃,无持续风向 1-2级 ,否
2019年12月15日广州天气预报,多云 /多云,18℃ , 25℃,无持续风向 1-2级 ,否
2019年12月16日广州天气预报,小雨 /多云,18℃ , 26℃,无持续风向 1-2级 ,否
2019年12月17日广州天气预报,多云 /多云,18℃ , 27℃,无持续风向 1-2级 ,否
2019年12月18日广州天气预报,多云 /小雨,16℃ , 28℃,无持续风向 1-2级 ,否
2019年12月19日广州天气预报,多云 /多云,13℃ , 19℃,北风 3-4级 ,否
2019年12月20日广州天气预报,多云 /多云,14℃ , 20℃,无持续风向 1-2级 ,否
2019年12月21日广州天气预报,阴 /多云,15℃ , 20℃,无持续风向 1-2级 ,否
2019年12月22日广州天气预报,多云 /多云,16℃ , 23℃,无持续风向 1-2级 ,否
2019年12月23日广州天气预报,多云 /多云,15℃ , 23℃,无持续风向 1-2级 ,否
2019年12月24日广州天气预报,多云 /多云,14℃ , 23℃,北风 3-4级 ,否
2019年12月25日广州天气预报,阴 /多云,14℃ , 23℃,无持续风向 1-2级 ,否
2019年12月26日广州天气预报,多云 /多云,10℃ , 22℃,北风 4-5级 ,否
2019年12月27日广州天气预报,多云 /多云,10℃ , 20℃,北风 3-4级 ,否
2019年12月28日广州天气预报,多云 /多云,14℃ , 22℃,无持续风向 1-2级 ,否
2019年12月29日广州天气预报,多云 /阴,15℃ , 19℃,无持续风向 1-2级 ,否
2019年12月30日广州天气预报,多云 /多云,15℃ , 25℃,无持续风向 1-2级 ,否
2019年12月31日广州天气预报,多云 /多云,13℃ , 22℃,北风 3-4级 ,否
2020年01月01日广州天气预报,多云 /晴,13℃ , 22℃,无持续风向 1-2级 ,否
2020年01月02日广州天气预报,阴 /多云,15℃ , 21℃,无持续风向 1-2级 ,否
2020年01月03日广州天气预报,多云 /多云,14℃ , 23℃,无持续风向 1-2级 ,否
2020年01月04日广州天气预报,多云 /多云,15℃ , 25℃,无持续风向 1-2级 ,否
2020年01月05日广州天气预报,多云 /多云,17℃ , 27℃,无持续风向 1-2级 ,否
2020年01月06日广州天气预报,阴 /阴,19℃ , 25℃,无持续风向 1-2级 ,否
2020年01月07日广州天气预报,多云 /多云,15℃ , 26℃,无持续风向 1-2级 ,否
2020年01月08日广州天气预报,多云 /多云,16℃ , 25℃,东北风 3-4级 ,否
2020年01月09日广州天气预报,多云 /多云,17℃ , 24℃,无持续风向 1-2级 ,否
2020年01月10日广州天气预报,多云 /多云,16℃ , 25℃,无持续风向 1-2级 ,否
2020年01月11日广州天气预报,小雨 /小雨,11℃ , 22℃,北风 3-4级 ,否
2020年01月12日广州天气预报,多云 /多云,11℃ , 14℃,北风 3-4级 ,否
2020年01月13日广州天气预报,多云 /多云,13℃ , 21℃,无持续风向 1-2级 ,否
2020年01月14日广州天气预报,多云 /多云,13℃ , 22℃,无持续风向 1-2级 ,否
2020年01月15日广州天气预报,多云 /小雨,16℃ , 24℃,无持续风向 1-2级 ,否
2020年01月16日广州天气预报,小雨 /小雨,11℃ , 24℃,无持续风向 1-2级 ,否
2020年01月17日广州天气预报,多云 /多云,13℃ , 18℃,北风 3-4级 ,否
2020年01月18日广州天气预报,阴 /阴,12℃ , 19℃,无持续风向 1-2级 ,否
2020年01月19日广州天气预报,小雨 /多云,13℃ , 18℃,无持续风向 1-2级 ,否
2020年01月20日广州天气预报,多云 /多云,14℃ , 20℃,无持续风向 1-2级 ,否
2020年01月21日广州天气预报,多云 /多云,16℃ , 20℃,无持续风向 1-2级 ,否
2020年01月22日广州天气预报,多云 /多云,18℃ , 24℃,无持续风向 1-2级 ,否
2020年01月23日广州天气预报,多云 /多云,19℃ , 27℃,无持续风向 1-2级 ,否
2020年01月24日广州天气预报,多云 /小雨,17℃ , 28℃,无持续风向 1-2级 ,否
2020年01月25日广州天气预报,小雨 /中到大雨,10℃ , 21℃,北风 3-4级 ,是
2020年01月26日广州天气预报,小雨 /多云,8℃ , 14℃,北风 4-5级 ,否
2020年01月27日广州天气预报,多云 /多云,8℃ , 13℃,北风 3-4级 ,否
2020年01月28日广州天气预报,多云 /多云,8℃ , 14℃,北风 3-4级 ,否
2020年01月29日广州天气预报,多云 /晴,9℃ , 16℃,北风 3-4级 ,否
2020年01月30日广州天气预报,晴 /晴,6℃ , 18℃,无持续风向 1-2级 ,否
2020年01月31日广州天气预报,晴 /晴,8℃ , 19℃,无持续风向 1-2级 ,否
2020年02月01日广州天气预报,多云 /阴,12℃ , 20℃,无持续风向 1-2级 ,否
2020年02月02日广州天气预报,阴 /阴,14℃ , 21℃,无持续风向 1-2级 ,否
2020年02月03日广州天气预报,小雨 /小雨,12℃ , 20℃,北风 3-4级 ,否
2020年02月04日广州天气预报,小雨 /阴,13℃ , 15℃,北风 3-4级 ,否
2020年02月05日广州天气预报,阴 /阴,14℃ , 17℃,无持续风向 1-2级 ,否
2020年02月06日广州天气预报,小雨 /小雨,13℃ , 19℃,无持续风向 1-2级 ,否
2020年02月07日广州天气预报,阴 /多云,11℃ , 19℃,无持续风向 1-2级 ,否
2020年02月08日广州天气预报,多云 /多云,10℃ , 19℃,无持续风向 1-2级 ,否
2020年02月09日广州天气预报,多云 /多云,12℃ , 17℃,无持续风向 1-2级 ,否
2020年02月10日广州天气预报,多云 /小雨,15℃ , 20℃,无持续风向 1-2级 ,否
2020年02月11日广州天气预报,阴 /阴,15℃ , 19℃,无持续风向 1-2级 ,否
2020年02月12日广州天气预报,小雨 /小到中雨,17℃ , 22℃,无持续风向 1-2级 ,是
2020年02月13日广州天气预报,大到暴雨 /中雨,16℃ , 19℃,无持续风向 1-2级 ,是
2020年02月14日广州天气预报,中雨 /中到大雨,16℃ , 21℃,无持续风向 1-2级 ,是
2020年02月15日广州天气预报,大到暴雨 /大雨,8℃ , 21℃,南风 3-4级 ,是
2020年02月16日广州天气预报,阴 /多云,6℃ , 12℃,北风 5-6级 ,是
2020年02月17日广州天气预报,多云 /晴,5℃ , 15℃,北风 3-4级 ,否
2020年02月18日广州天气预报,晴 /多云,7℃ , 18℃,无持续风向 1-2级 ,否
2020年02月19日广州天气预报,多云 /多云,10℃ , 20℃,无持续风向 1-2级 ,否
2020年02月20日广州天气预报,多云 /多云,14℃ , 22℃,无持续风向 1-2级 ,否
2020年02月21日广州天气预报,多云 /多云,14℃ , 25℃,无持续风向 1-2级 ,否
2020年02月22日广州天气预报,晴 /多云,15℃ , 26℃,无持续风向 1-2级 ,否
2020年02月23日广州天气预报,晴 /多云,16℃ , 26℃,无持续风向 1-2级 ,否
2020年02月24日广州天气预报,多云 /阴,17℃ , 28℃,无持续风向 1-2级 ,否
2020年02月25日广州天气预报,多云 /多云,18℃ , 27℃,无持续风向 1-2级 ,否
2020年02月26日广州天气预报,多云 /多云,18℃ , 28℃,无持续风向 1-2级 ,否
2020年02月27日广州天气预报,多云 /多云,17℃ , 28℃,东南风 3-4级 ,否
2020年02月28日广州天气预报,多云 /多云,18℃ , 25℃,无持续风向 1-2级 ,否
2020年02月29日广州天气预报,多云 /多云,18℃ , 27℃,无持续风向 1-2级 ,否
2020年03月01日广州天气预报,多云 /多云,18℃ , 28℃,无持续风向 1-2级 ,否
2020年03月02日广州天气预报,多云 /多云,18℃ , 27℃,无持续风向 1-2级 ,否
2020年03月03日广州天气预报,阵雨 /中到大雨,17℃ , 24℃,无持续风向 1-2级 ,是
2020年03月04日广州天气预报,中雨 /中雨,13℃ , 19℃,北风 3-4级 ,是
2020年03月05日广州天气预报,多云 /阵雨,14℃ , 19℃,东北风 3-4级 ,否
2020年03月06日广州天气预报,阵雨 /阵雨,18℃ , 23℃,东南风 3-4级 ,否
2020年03月07日广州天气预报,阵雨 /阵雨,20℃ , 24℃,南风 3-4级 ,否
2020年03月08日广州天气预报,阵雨 /阵雨,22℃ , 25℃,东南风 3-4级 ,否
2020年03月09日广州天气预报,小雨 /阵雨,17℃ , 26℃,南风 3-4级 ,否
2020年03月10日广州天气预报,多云 /多云,15℃ , 23℃,北风 3-4级 ,否
2020年03月11日广州天气预报,多云 /阵雨,16℃ , 21℃,无持续风向 1-2级 ,否
2020年03月12日广州天气预报,阴 /阵雨,19℃ , 24℃,无持续风向 1-2级 ,否
2020年03月13日广州天气预报,小雨 /小雨,17℃ , 24℃,无持续风向 1-2级 ,否
2020年03月14日广州天气预报,多云 /多云,14℃ , 22℃,北风 3-4级 ,否
2020年03月15日广州天气预报,多云 /多云,17℃ , 25℃,无持续风向 1-2级 ,否
2020年03月16日广州天气预报,多云 /多云,19℃ , 23℃,无持续风向 1-2级 ,否
2020年03月17日广州天气预报,阵雨 /中雨,18℃ , 24℃,无持续风向 1-2级 ,是
2020年03月18日广州天气预报,中雨 /中雨,18℃ , 22℃,无持续风向 1-2级 ,是
2020年03月19日广州天气预报,中雨 /阵雨,20℃ , 22℃,无持续风向 1-2级 ,是
2020年03月20日广州天气预报,阵雨 /阴,20℃ , 22℃,无持续风向 1-2级 ,否
2020年03月21日广州天气预报,小雨 /阵雨,21℃ , 25℃,无持续风向 1-2级 ,否
2020年03月22日广州天气预报,多云 /多云,21℃ , 28℃,无持续风向 1-2级 ,否
2020年03月23日广州天气预报,多云 /多云,20℃ , 28℃,无持续风向 1-2级 ,否
2020年03月24日广州天气预报,多云 /雷阵雨,22℃ , 28℃,无持续风向 1-2级 ,是
2020年03月25日广州天气预报,雷阵雨 /雷阵雨,21℃ , 28℃,无持续风向 1-2级 ,是
2020年03月26日广州天气预报,雷阵雨 /雷阵雨,20℃ , 27℃,无持续风向 1-2级 ,是
2020年03月27日广州天气预报,大到暴雨 /大雨,16℃ , 26℃,无持续风向 1-2级 ,是
2020年03月28日广州天气预报,阴 /阵雨,17℃ , 21℃,北风 3-4级 ,否
2020年03月29日广州天气预报,阵雨 /雷阵雨,18℃ , 21℃,无持续风向 1-2级 ,是
2020年03月30日广州天气预报,阵雨 /阵雨,15℃ , 16℃,北风 3-4级 ,否
2020年03月31日广州天气预报,小雨 /阵雨,14℃ , 16℃,北风 3-4级 ,否
2020年04月01日广州天气预报,雷阵雨 /雷阵雨,14℃ , 17℃,无持续风向 1-2级 ,是
2020年04月02日广州天气预报,阵雨 /雷阵雨,17℃ , 19℃,东南风 3-4级 ,是
2020年04月03日广州天气预报,小到中雨 /中雨,17℃ , 21℃,无持续风向 1-2级 ,是
2020年04月04日广州天气预报,小雨 /中到大雨,16℃ , 19℃,无持续风向 1-2级 ,是
2020年04月05日广州天气预报,中到大雨 /大雨,15℃ , 17℃,无持续风向 1-2级 ,是
2020年04月06日广州天气预报,大雨 /中雨,14℃ , 16℃,无持续风向 1-2级 ,是
2020年04月07日广州天气预报,阴 /阴,15℃ , 19℃,无持续风向 1-2级 ,否
2020年04月08日广州天气预报,多云 /多云,18℃ , 24℃,无持续风向 1-2级 ,否
2020年04月09日广州天气预报,多云 /多云,17℃ , 27℃,无持续风向 1-2级 ,否
2020年04月10日广州天气预报,多云 /多云,18℃ , 27℃,无持续风向 1-2级 ,否
2020年04月11日广州天气预报,中到大雨 /阵雨,15℃ , 26℃,北风 3-4级 ,是
2020年04月12日广州天气预报,晴 /晴,12℃ , 22℃,北风 4-5级 ,否
2020年04月13日广州天气预报,多云 /多云,15℃ , 24℃,无持续风向 1-2级 ,否
2020年04月14日广州天气预报,阴 /多云,14℃ , 23℃,无持续风向 1-2级 ,否
2020年04月15日广州天气预报,多云 /多云,16℃ , 25℃,无持续风向 1-2级 ,否
2020年04月16日广州天气预报,多云 /多云,18℃ , 27℃,无持续风向 1-2级 ,否
2020年04月17日广州天气预报,多云 /多云,20℃ , 28℃,无持续风向 1-2级 ,否
2020年04月18日广州天气预报,多云 /多云,22℃ , 28℃,无持续风向 1-2级 ,否
2020年04月19日广州天气预报,多云 /多云,22℃ , 29℃,无持续风向 1-2级 ,否
2020年04月20日广州天气预报,多云 /多云,23℃ , 30℃,无持续风向 1-2级 ,否
2020年04月21日广州天气预报,雷阵雨 /雷阵雨,20℃ , 31℃,无持续风向 1-2级 ,是
2020年04月22日广州天气预报,中雨 /小到中雨,17℃ , 20℃,东北风 3-4级 ,是
2020年04月23日广州天气预报,小到中雨 /中到大雨,14℃ , 21℃,无持续风向 1-2级 ,是
2020年04月24日广州天气预报,小雨 /阵雨,15℃ , 18℃,无持续风向 1-2级 ,否
2020年04月25日广州天气预报,阵雨 /阵雨,17℃ , 23℃,无持续风向 1-2级 ,否
2020年04月26日广州天气预报,阴 /多云,18℃ , 25℃,无持续风向 1-2级 ,否
2020年04月27日广州天气预报,晴 /多云,18℃ , 28℃,无持续风向 1-2级 ,否
2020年04月28日广州天气预报,晴 /多云,21℃ , 31℃,无持续风向 1-2级 ,否
2020年04月29日广州天气预报,多云 /多云,21℃ , 31℃,无持续风向 1-2级 ,否
2020年04月30日广州天气预报,多云 /多云,22℃ , 31℃,无持续风向 1-2级 ,否
2020年05月01日广州天气预报,多云 /多云,23℃ , 31℃,无持续风向 1-2级 ,否
2020年05月02日广州天气预报,多云 /多云,24℃ , 32℃,无持续风向 1-2级 ,否
2020年05月03日广州天气预报,晴 /晴,24℃ , 33℃,无持续风向 1-2级 ,否
2020年05月04日广州天气预报,晴 /晴,26℃ , 35℃,无持续风向 1-2级 ,否
2020年05月05日广州天气预报,多云 /多云,26℃ , 35℃,无持续风向 1-2级 ,否
2020年05月06日广州天气预报,多云 /多云,26℃ , 34℃,南风 3-4级 ,否
2020年05月07日广州天气预报,多云 /多云,27℃ , 35℃,南风 3-4级 ,否
2020年05月08日广州天气预报,多云 /多云,28℃ , 35℃,南风 3-4级 ,否
2020年05月09日广州天气预报,多云 /多云,27℃ , 35℃,南风 3-4级 ,否
2020年05月10日广州天气预报,雷阵雨 /雷阵雨,25℃ , 32℃,无持续风向 1-2级 ,是
2020年05月11日广州天气预报,中雨 /雷阵雨,24℃ , 31℃,无持续风向 1-2级 ,是
2020年05月12日广州天气预报,雷阵雨 /雷阵雨,23℃ , 31℃,无持续风向 1-2级 ,是
2020年05月13日广州天气预报,雷阵雨 /多云,26℃ , 32℃,东南风 3-4级 ,是
2020年05月14日广州天气预报,雷阵雨 /多云,26℃ , 30℃,东南风 3-4级 ,是
2020年05月15日广州天气预报,雷阵雨 /雷阵雨,26℃ , 32℃,无持续风向 1-2级 ,是
2020年05月16日广州天气预报,雷阵雨 /雷阵雨,26℃ , 34℃,无持续风向 1-2级 ,是
2020年05月17日广州天气预报,雷阵雨 /大到暴雨,23℃ , 33℃,无持续风向 1-2级 ,是
2020年05月18日广州天气预报,雷阵雨 /雷阵雨,23℃ , 28℃,无持续风向 1-2级 ,是
2020年05月19日广州天气预报,雷阵雨 /雷阵雨,24℃ , 31℃,无持续风向 1-2级 ,是
2020年05月20日广州天气预报,雷阵雨 /暴雨,24℃ , 31℃,无持续风向 1-2级 ,是
2020年05月21日广州天气预报,暴雨 /大到暴雨,24℃ , 28℃,东南风 3-4级 ,是
2020年05月22日广州天气预报,雷阵雨 /阵雨,24℃ , 29℃,无持续风向 1-2级 ,是
2020年05月23日广州天气预报,雷阵雨 /雷阵雨,24℃ , 30℃,无持续风向 1-2级 ,是
2020年05月24日广州天气预报,雷阵雨 /阵雨,25℃ , 32℃,东南风 3-4级 ,是
2020年05月25日广州天气预报,暴雨 /大到暴雨,24℃ , 29℃,南风 3-4级 ,是
2020年05月26日广州天气预报,阵雨 /多云,25℃ , 31℃,无持续风向 1-2级 ,否
2020年05月27日广州天气预报,多云 /雷阵雨,26℃ , 31℃,无持续风向 1-2级 ,是
2020年05月28日广州天气预报,多云 /雷阵雨,26℃ , 31℃,无持续风向 1-2级 ,是
2020年05月29日广州天气预报,雷阵雨 /中雨,26℃ , 31℃,无持续风向 1-2级 ,是
2020年05月30日广州天气预报,雷阵雨 /雷阵雨,26℃ , 30℃,无持续风向 1-2级 ,是
2020年05月31日广州天气预报,雷阵雨 /雷阵雨,26℃ , 31℃,无持续风向 1-2级 ,是
2020年06月01日广州天气预报,雷阵雨 /雷阵雨,25℃ , 32℃,无持续风向 1-2级 ,是
2020年06月02日广州天气预报,雷阵雨 /雷阵雨,25℃ , 32℃,无持续风向 1-2级 ,是
2020年06月03日广州天气预报,雷阵雨 /雷阵雨,26℃ , 33℃,南风 3-4级 ,是
2020年06月04日广州天气预报,雷阵雨 /中雨,25℃ , 33℃,南风 3-4级 ,是
2020年06月05日广州天气预报,中雨 /暴雨,24℃ , 31℃,南风 3-4级 ,是
2020年06月06日广州天气预报,大雨 /暴雨,25℃ , 30℃,西南风 3-4级 ,是
2020年06月07日广州天气预报,大雨 /中雨,25℃ , 29℃,无持续风向 1-2级 ,是
2020年06月08日广州天气预报,暴雨 /大雨,25℃ , 28℃,无持续风向 1-2级 ,是
2020年06月09日广州天气预报,中雨 /雷阵雨,26℃ , 31℃,南风 3-4级 ,是
2020年06月10日广州天气预报,雷阵雨 /雷阵雨,25℃ , 31℃,无持续风向 1-2级 ,是
2020年06月11日广州天气预报,多云 /多云,26℃ , 34℃,无持续风向 1-2级 ,否
2020年06月12日广州天气预报,多云 /多云,26℃ , 35℃,无持续风向 1-2级 ,否
2020年06月13日广州天气预报,雷阵雨 /雷阵雨,25℃ , 35℃,无持续风向 1-2级 ,是
2020年06月14日广州天气预报,中到大雨 /中到大雨,25℃ , 30℃,东南风 3-4级 ,是
2020年06月15日广州天气预报,中雨 /雷阵雨,26℃ , 30℃,南风 3-4级 ,是
2020年06月16日广州天气预报,雷阵雨 /雷阵雨,26℃ , 33℃,南风 3-4级 ,是
2020年06月17日广州天气预报,雷阵雨 /多云,26℃ , 34℃,无持续风向 1-2级 ,是
2020年06月18日广州天气预报,雷阵雨 /多云,26℃ , 33℃,无持续风向 1-2级 ,是
2020年06月19日广州天气预报,多云 /多云,27℃ , 35℃,西南风 3-4级 ,否
2020年06月20日广州天气预报,多云 /多云,27℃ , 35℃,无持续风向 1-2级 ,否
2020年06月21日广州天气预报,雷阵雨 /多云,28℃ , 35℃,南风 3-4级 ,是
2020年06月22日广州天气预报,雷阵雨 /多云,28℃ , 35℃,南风 3-4级 ,是
2020年06月23日广州天气预报,多云 /多云,28℃ , 35℃,无持续风向 1-2级 ,否
2020年06月24日广州天气预报,雷阵雨 /雷阵雨,26℃ , 35℃,无持续风向 1-2级 ,是
2020年06月25日广州天气预报,中雨 /雷阵雨,26℃ , 32℃,南风 3-4级 ,是
2020年06月26日广州天气预报,雷阵雨 /雷阵雨,26℃ , 34℃,南风 3-4级 ,是
2020年06月27日广州天气预报,多云 /多云,28℃ , 35℃,南风 3-4级 ,否
2020年06月28日广州天气预报,多云 /多云,28℃ , 35℃,南风 3-4级 ,否
2020年06月29日广州天气预报,多云 /多云,28℃ , 35℃,无持续风向 1-2级 ,否
2020年06月30日广州天气预报,雷阵雨 /雷阵雨,28℃ , 35℃,无持续风向 1-2级 ,是
2020年07月01日广州天气预报,雷阵雨 /雷阵雨,26℃ , 35℃,无持续风向 1-2级 ,是
2020年07月02日广州天气预报,雷阵雨 /雷阵雨,26℃ , 32℃,无持续风向 1-2级 ,是
2020年07月03日广州天气预报,中雨 /雷阵雨,27℃ , 33℃,无持续风向 1-2级 ,是
2020年07月04日广州天气预报,雷阵雨 /雷阵雨,27℃ , 33℃,南风 3-4级 ,是
2020年07月04日广州天气预报,雷阵雨 /雷阵雨,27℃ , 33℃,南风 3-4级 ,是
2020年07月05日广州天气预报,雷阵雨 /多云,26℃ , 33℃,无持续风向 1-2级 ,是
2020年07月05日广州天气预报,雷阵雨 /多云,26℃ , 33℃,无持续风向 1-2级 ,是
2020年07月06日广州天气预报,多云 /多云,27℃ , 35℃,无持续风向 1-2级 ,否
2020年07月07日广州天气预报,晴 /多云,28℃ , 35℃,无持续风向 1-2级 ,否
2020年07月08日广州天气预报,雷阵雨 /雷阵雨,27℃ , 34℃,无持续风向 1-2级 ,是
2020年07月09日广州天气预报,雷阵雨 /阴,26℃ , 34℃,南风 3-4级 ,是
2020年07月10日广州天气预报,多云 /多云,28℃ , 35℃,南风 4-5级 ,否
2020年07月11日广州天气预报,多云 /晴,28℃ , 35℃,南风 3-4级 ,否
2020年07月12日广州天气预报,晴 /多云,28℃ , 35℃,南风 3-4级 ,否
2020年07月13日广州天气预报,晴 /晴,28℃ , 36℃,无持续风向 1-2级 ,否
2020年07月14日广州天气预报,晴 /多云,28℃ , 37℃,无持续风向 1-2级 ,否
2020年07月15日广州天气预报,多云 /多云,28℃ , 37℃,无持续风向 1-2级 ,否
2020年07月16日广州天气预报,多云 /多云,29℃ , 36℃,无持续风向 1-2级 ,否
2020年07月17日广州天气预报,晴 /晴,29℃ , 36℃,南风 3-4级 ,否
2020年07月18日广州天气预报,晴 /晴,29℃ , 36℃,无持续风向 1-2级 ,否
2020年07月19日广州天气预报,晴 /晴,29℃ , 36℃,无持续风向 1-2级 ,否
2020年07月20日广州天气预报,多云 /晴,28℃ , 36℃,无持续风向 1-2级 ,否
2020年07月21日广州天气预报,晴 /晴,28℃ , 36℃,南风 3-4级 ,否
2020年07月22日广州天气预报,多云 /晴,28℃ , 36℃,东南风 3-4级 ,否
2020年07月23日广州天气预报,晴 /晴,29℃ , 36℃,无持续风向 1-2级 ,否
2020年07月24日广州天气预报,晴 /晴,28℃ , 37℃,无持续风向 1-2级 ,否
2020年07月25日广州天气预报,晴 /晴,29℃ , 37℃,无持续风向 1-2级 ,否
2020年07月26日广州天气预报,晴 /多云,29℃ , 37℃,无持续风向 1-2级 ,否
2020年07月27日广州天气预报,多云 /雷阵雨,28℃ , 36℃,南风 3-4级 ,是
2020年07月28日广州天气预报,雷阵雨 /雷阵雨,28℃ , 35℃,无持续风向 1-2级 ,是
2020年07月29日广州天气预报,雷阵雨 /雷阵雨,28℃ , 36℃,无持续风向 1-2级 ,是
2020年07月30日广州天气预报,雷阵雨 /雷阵雨,26℃ , 35℃,无持续风向 1-2级 ,是
2020年07月31日广州天气预报,中雨 /中雨,26℃ , 34℃,东风 3-4级 ,是
2020年08月01日广州天气预报,中到大雨 /暴雨,26℃ , 32℃,东风 3-4级 ,是
2020年08月02日广州天气预报,中到大雨 /中到大雨,25℃ , 30℃,东风 3-4级 ,是
2020年08月03日广州天气预报,中雨 /阵雨,26℃ , 31℃,无持续风向 1-2级 ,是
2020年08月04日广州天气预报,雷阵雨 /雷阵雨,24℃ , 33℃,无持续风向 1-2级 ,是
2020年08月05日广州天气预报,大雨 /中雨,24℃ , 29℃,无持续风向 1-2级 ,是
2020年08月06日广州天气预报,多云 /晴,26℃ , 33℃,无持续风向 1-2级 ,否
2020年08月07日广州天气预报,晴 /多云,27℃ , 35℃,无持续风向 1-2级 ,否
2020年08月08日广州天气预报,晴 /晴,27℃ , 35℃,无持续风向 1-2级 ,否
2020年08月09日广州天气预报,多云 /多云,28℃ , 36℃,南风 3-4级 ,否
2020年08月10日广州天气预报,雷阵雨 /多云,28℃ , 36℃,无持续风向 1-2级 ,是
2020年08月11日广州天气预报,雷阵雨 /雷阵雨,26℃ , 34℃,南风 3-4级 ,是
2020年08月12日广州天气预报,雷阵雨 /中雨,25℃ , 33℃,东南风 3-4级 ,是
2020年08月13日广州天气预报,中雨 /中雨,25℃ , 32℃,东南风 3-4级 ,是
2020年08月14日广州天气预报,中雨 /雷阵雨,26℃ , 33℃,东南风 3-4级 ,是
2020年08月15日广州天气预报,雷阵雨 /雷阵雨,26℃ , 33℃,东南风 3-4级 ,是
2020年08月16日广州天气预报,雷阵雨 /雷阵雨,26℃ , 33℃,东南风 1-2级 ,是
2020年08月17日广州天气预报,雷阵雨 /雷阵雨,26℃ , 33℃,东南风 1-2级 ,是
2020年08月18日广州天气预报,雷阵雨 /雷阵雨,27℃ , 34℃,东北风 3-4级 ,是
2020年08月19日广州天气预报,雷阵雨 /雷阵雨,27℃ , 29℃,东南风 3-4级 ,是
2020年08月20日广州天气预报,雷阵雨 /雷阵雨,25℃ , 32℃,东南风 3-4级 ,是
2020年08月21日广州天气预报,多云 /多云,25℃ , 35℃,东南风 1-2级 ,否
2020年08月22日广州天气预报,多云 /多云,26℃ , 35℃,北风 1-2级 ,否
2020年08月23日广州天气预报,雷阵雨 /多云,25℃ , 35℃,北风 1-2级 ,是
2020年08月24日广州天气预报,雷阵雨 /多云,25℃ , 34℃,北风 1-2级 ,是
2020年08月25日广州天气预报,多云 /多云,26℃ , 35℃,北风 1-2级 ,否
2020年08月26日广州天气预报,阴 /阴,24℃ , 32℃,北风 1-2级 ,否
2020年08月27日广州天气预报,多云 /多云,25℃ , 33℃,北风 1-2级 ,否
2020年08月28日广州天气预报,多云 /多云,25℃ , 35℃,北风 1-2级 ,否
2020年08月29日广州天气预报,多云 /晴,25℃ , 36℃,北风 1-2级 ,否
2020年08月30日广州天气预报,多云 /多云,26℃ , 35℃,北风 1-2级 ,否
2020年08月31日广州天气预报,雷阵雨 /雷阵雨,25℃ , 35℃,北风 1-2级 ,是
2020年09月01日广州天气预报,雷阵雨 /多云,26℃ , 36℃,北风 1-2级 ,是
2020年09月02日广州天气预报,多云 /多云,25℃ , 36℃,北风 1-2级 ,否
2020年09月03日广州天气预报,多云 /多云,27℃ , 35℃,北风 1-2级 ,否
2020年09月04日广州天气预报,雷阵雨 /多云,26℃ , 35℃,北风 1-2级 ,是
2020年09月05日广州天气预报,雷阵雨 /雷阵雨,24℃ , 32℃,北风 1-2级 ,是
2020年09月06日广州天气预报,雷阵雨 /雷阵雨,24℃ , 32℃,北风 1-2级 ,是
2020年09月07日广州天气预报,雷阵雨 /雷阵雨,24℃ , 32℃,北风 1-2级 ,是
2020年09月08日广州天气预报,中雨 /中雨,24℃ , 32℃,北风 1-2级 ,是
2020年09月09日广州天气预报,雷阵雨 /雷阵雨,23℃ , 31℃,北风 1-2级 ,是
2020年09月10日广州天气预报,雷阵雨 /雷阵雨,24℃ , 32℃,北风 1-2级 ,是
2020年09月11日广州天气预报,雷阵雨 /中雨,24℃ , 33℃,北风 1-2级 ,是
2020年09月12日广州天气预报,中雨 /中雨,24℃ , 31℃,北风 1-2级 ,是
2020年09月13日广州天气预报,中雨 /雷阵雨,24℃ , 31℃,北风 1-2级 ,是
2020年09月14日广州天气预报,雷阵雨 /雷阵雨,24℃ , 33℃,北风 1-2级 ,是
2020年09月15日广州天气预报,雷阵雨 /雷阵雨,24℃ , 32℃,北风 1-2级 ,是
2020年09月16日广州天气预报,雷阵雨 /多云,24℃ , 32℃,北风 1-2级 ,是
2020年09月17日广州天气预报,雷阵雨 /雷阵雨,24℃ , 33℃,北风 1-2级 ,是
2020年09月18日广州天气预报,中雨 /雷阵雨,23℃ , 30℃,北风 1-2级 ,是
2020年09月19日广州天气预报,中雨 /雷阵雨,24℃ , 29℃,东南风 1-2级 ,是
2020年09月20日广州天气预报,中雨 /雷阵雨,25℃ , 32℃,北风 1-2级 ,是
2020年09月21日广州天气预报,雷阵雨 /雷阵雨,25℃ , 33℃,北风 1-2级 ,是
2020年09月22日广州天气预报,雷阵雨 /多云,24℃ , 33℃,北风 1-2级 ,是
2020年09月23日广州天气预报,雷阵雨 /雷阵雨,24℃ , 31℃,北风 1-2级 ,是
2020年09月24日广州天气预报,雷阵雨 /多云,23℃ , 30℃,北风 1-2级 ,是
2020年09月25日广州天气预报,多云 /多云,24℃ , 31℃,北风 1-2级 ,否
2020年09月26日广州天气预报,雷阵雨 /中雨,24℃ , 29℃,北风 1-2级 ,是
2020年09月27日广州天气预报,雷阵雨 /雷阵雨,23℃ , 28℃,北风 3-4级 ,是
2020年09月28日广州天气预报,雷阵雨 /雷阵雨,24℃ , 29℃,北风 1-2级 ,是
2020年09月29日广州天气预报,雷阵雨 /雷阵雨,23℃ , 29℃,北风 1-2级 ,是
2020年09月30日广州天气预报,雷阵雨 /雷阵雨,23℃ , 30℃,北风 1-2级 ,是
2020年10月01日广州天气预报,雷阵雨 /多云,24℃ , 28℃,北风 1-2级 ,是
2020年10月02日广州天气预报,雷阵雨 /多云,23℃ , 30℃,北风 1-2级 ,是
2020年10月03日广州天气预报,多云 /多云,23℃ , 31℃,北风 1-2级 ,否
2020年10月04日广州天气预报,雷阵雨 /雷阵雨,22℃ , 32℃,北风 1-2级 ,是
2020年10月05日广州天气预报,小雨 /阴,20℃ , 28℃,北风 3-4级 ,否
2020年10月06日广州天气预报,多云 /多云,20℃ , 28℃,北风 1-2级 ,否
2020年10月07日广州天气预报,多云 /多云,20℃ , 29℃,北风 1-2级 ,否
2020年10月08日广州天气预报,多云 /多云,19℃ , 27℃,北风 3-4级 ,否
2020年10月09日广州天气预报,多云 /多云,20℃ , 28℃,北风 1-2级 ,否
2020年10月10日广州天气预报,多云 /多云,21℃ , 28℃,北风 1-2级 ,否
2020年10月11日广州天气预报,多云 /多云,21℃ , 29℃,北风 1-2级 ,否
2020年10月12日广州天气预报,多云 /多云,21℃ , 28℃,北风 1-2级 ,否
2020年10月13日广州天气预报,小雨 /小雨,22℃ , 25℃,北风 1-2级 ,否
2020年10月14日广州天气预报,小雨 /小雨,22℃ , 25℃,北风 1-2级 ,否
2020年10月15日广州天气预报,多云 /多云,21℃ , 28℃,北风 1-2级 ,否
2020年10月16日广州天气预报,多云 /多云,19℃ , 31℃,北风 3-4级 ,否
2020年10月17日广州天气预报,多云 /多云,21℃ , 29℃,北风 1-2级 ,否
2020年10月18日广州天气预报,多云 /多云,20℃ , 28℃,北风 1-2级 ,否
2020年10月19日广州天气预报,多云 /多云,20℃ , 27℃,北风 3-4级 ,否
2020年10月20日广州天气预报,多云 /多云,19℃ , 27℃,北风 1-2级 ,否
2020年10月21日广州天气预报,多云 /多云,18℃ , 26℃,北风 3-4级 ,否
2020年10月22日广州天气预报,多云 /阴,17℃ , 25℃,北风 3-4级 ,否
2020年10月23日广州天气预报,多云 /阴,17℃ , 26℃,北风 3-4级 ,否
2020年10月24日广州天气预报,阴 /多云,18℃ , 23℃,北风 1-2级 ,否
2020年10月25日广州天气预报,阴 /阴,19℃ , 27℃,北风 1-2级 ,否
2020年10月26日广州天气预报,多云 /多云,19℃ , 28℃,北风 1-2级 ,否
2020年10月27日广州天气预报,晴 /多云,19℃ , 29℃,北风 1-2级 ,否
2020年10月28日广州天气预报,阵雨 /小雨,20℃ , 31℃,北风 1-2级 ,否
2020年10月29日广州天气预报,小雨 /多云,18℃ , 25℃,北风 1-2级 ,否
2020年10月30日广州天气预报,多云 /多云,19℃ , 27℃,北风 1-2级 ,否
2020年10月31日广州天气预报,多云 /多云,21℃ , 26℃,北风 1-2级 ,否
2020年11月01日广州天气预报,多云 /多云,19℃ , 28℃,北风 1-2级 ,否
2020年11月02日广州天气预报,阴 /多云,18℃ , 27℃,北风 3-4级 ,否
2020年11月03日广州天气预报,多云 /多云,17℃ , 26℃,北风 1-2级 ,否
2020年11月04日广州天气预报,晴 /晴,20℃ , 28℃,北风 1-2级 ,否
2020年11月05日广州天气预报,多云 /多云,18℃ , 27℃,北风 1-2级 ,否
2020年11月06日广州天气预报,多云 /多云,20℃ , 29℃,北风 1-2级 ,否
2020年11月07日广州天气预报,多云 /多云,20℃ , 29℃,北风 3-4级 ,否
2020年11月08日广州天气预报,多云 /多云,19℃ , 27℃,北风 3-4级 ,否
2020年11月09日广州天气预报,多云 /多云,16℃ , 26℃,北风 1-2级 ,否
2020年11月10日广州天气预报,多云 /晴,18℃ , 27℃,东北风 3-4级 ,否
2020年11月11日广州天气预报,多云 /多云,15℃ , 27℃,北风 1-2级 ,否
2020年11月12日广州天气预报,晴 /多云,16℃ , 27℃,北风 3-4级 ,否
2020年11月13日广州天气预报,多云 /阴,18℃ , 27℃,北风 3-4级 ,否
2020年11月14日广州天气预报,阴 /阴,20℃ , 24℃,北风 1-2级 ,否
2020年11月15日广州天气预报,多云 /多云,18℃ , 24℃,北风 1-2级 ,否
2020年11月16日广州天气预报,多云 /多云,20℃ , 28℃,北风 1-2级 ,否
2020年11月17日广州天气预报,多云 /多云,21℃ , 28℃,北风 1-2级 ,否
2020年11月18日广州天气预报,多云 /阴,20℃ , 28℃,北风 1-2级 ,否
2020年11月19日广州天气预报,多云 /多云,23℃ , 28℃,北风 1-2级 ,否
2020年11月20日广州天气预报,多云 /多云,22℃ , 29℃,北风 1-2级 ,否
2020年11月21日广州天气预报,阴 /多云,21℃ , 27℃,北风 1-2级 ,否
2020年11月22日广州天气预报,小雨 /阴,17℃ , 29℃,北风 1-2级 ,否
2020年11月23日广州天气预报,多云 /多云,17℃ , 26℃,北风 1-2级 ,否
2020年11月24日广州天气预报,多云 /多云,17℃ , 26℃,北风 1-2级 ,否
2020年11月25日广州天气预报,多云 /多云,19℃ , 27℃,北风 1-2级 ,否
2020年11月26日广州天气预报,多云 /多云,16℃ , 27℃,北风 1-2级 ,否
2020年11月27日广州天气预报,晴 /晴,15℃ , 25℃,北风 3-4级 ,否
2020年11月28日广州天气预报,多云 /多云,13℃ , 23℃,北风 3-4级 ,否
2020年11月29日广州天气预报,多云 /多云,13℃ , 22℃,北风 3-4级 ,否
2020年11月30日广州天气预报,多云 /晴,13℃ , 23℃,北风 3-4级 ,否
2020年12月01日广州天气预报,多云 /多云,14℃ , 22℃,北风 3-4级 ,否
2020年12月02日广州天气预报,多云 /多云,12℃ , 22℃,北风 3-4级 ,否
2020年12月03日广州天气预报,晴 /晴,12℃ , 21℃,东北风 3-4级 ,否
2020年12月03日广州天气预报,晴 /晴,12℃ , 21℃,东北风 3-4级 ,否
2020年12月04日广州天气预报,多云 /多云,9℃ , 17℃,北风 3-4级 ,否
2020年12月05日广州天气预报,晴 /多云,11℃ , 18℃,北风 1-2级 ,否
2020年12月06日广州天气预报,多云 /多云,13℃ , 21℃,北风 1-2级 ,否
2020年12月07日广州天气预报,多云 /多云,11℃ , 22℃,北风 3-4级 ,否
2020年12月08日广州天气预报,多云 /多云,12℃ , 21℃,北风 1-2级 ,否
2020年12月09日广州天气预报,多云 /多云,13℃ , 22℃,北风 1-2级 ,否
2020年12月10日广州天气预报,多云 /阴,15℃ , 21℃,北风 1-2级 ,否
2020年12月11日广州天气预报,多云 /多云,17℃ , 22℃,北风 1-2级 ,否
2020年12月12日广州天气预报,多云 /多云,16℃ , 24℃,北风 1-2级 ,否
2020年12月13日广州天气预报,小雨 /小雨,12℃ , 21℃,北风 1-2级 ,否
2020年12月14日广州天气预报,小雨 /小雨,8℃ , 17℃,北风 3-4级 ,否
2020年12月15日广州天气预报,多云 /阴,8℃ , 13℃,北风 3-4级 ,否
2020年12月16日广州天气预报,多云 /阴,10℃ , 15℃,北风 1-2级 ,否
2020年12月17日广州天气预报,多云 /多云,8℃ , 14℃,北风 1-2级 ,否
2020年12月18日广州天气预报,多云 /多云,9℃ , 13℃,北风 3-4级 ,否
2020年12月19日广州天气预报,多云 /多云,8℃ , 15℃,北风 3-4级 ,否
2020年12月20日广州天气预报,多云 /阴,9℃ , 15℃,北风 3-4级 ,否
2020年12月21日广州天气预报,多云 /多云,10℃ , 17℃,北风 1-2级 ,否
2020年12月22日广州天气预报,多云 /阴,13℃ , 19℃,北风 1-2级 ,否
2020年12月23日广州天气预报,阵雨 /多云,14℃ , 18℃,北风 1-2级 ,否
2020年12月24日广州天气预报,多云 /多云,10℃ , 23℃,北风 3-4级 ,否
2020年12月25日广州天气预报,阴 /多云,14℃ , 20℃,北风 3-4级 ,否
2020年12月26日广州天气预报,多云 /多云,16℃ , 21℃,北风 1-2级 ,否
2020年12月27日广州天气预报,多云 /多云,16℃ , 24℃,北风 1-2级 ,否
2020年12月28日广州天气预报,多云 /多云,14℃ , 26℃,北风 1-2级 ,否
2020年12月29日广州天气预报,多云 /多云,8℃ , 25℃,北风 4-5级 ,否
2020年12月30日广州天气预报,多云 /多云,3℃ , 14℃,北风 4-5级 ,否
2020年12月31日广州天气预报,多云 /晴,2℃ , 13℃,北风 1-2级 ,否
2021年01月01日广州天气预报,多云 /晴,4℃ , 14℃,北风 1-2级 ,否
2021年01月02日广州天气预报,晴 /晴,7℃ , 18℃,北风 1-2级 ,否
2021年01月03日广州天气预报,多云 /多云,8℃ , 19℃,北风 1-2级 ,否
2021年01月04日广州天气预报,多云 /阴,15℃ , 22℃,北风 1-2级 ,否
2021年01月05日广州天气预报,多云 /阴,11℃ , 21℃,北风 3-4级 ,否
2021年01月06日广州天气预报,多云 /多云,9℃ , 20℃,北风 1-2级 ,否
2021年01月07日广州天气预报,阴 /阴,4℃ , 15℃,北风 3-4级 ,否
2021年01月08日广州天气预报,多云 /阴,4℃ , 11℃,北风 3-4级 ,否
2021年01月09日广州天气预报,多云 /阴,6℃ , 10℃,北风 1-2级 ,否
2021年01月10日广州天气预报,阴 /阴,8℃ , 13℃,北风 1-2级 ,否
2021年01月11日广州天气预报,多云 /晴,5℃ , 12℃,北风 1-2级 ,否
2021年01月12日广州天气预报,晴 /晴,4℃ , 15℃,北风 1-2级 ,否
2021年01月13日广州天气预报,多云 /多云,7℃ , 17℃,北风 1-2级 ,否
2021年01月14日广州天气预报,晴 /晴,8℃ , 21℃,北风 1-2级 ,否
2021年01月15日广州天气预报,多云 /多云,10℃ , 23℃,北风 1-2级 ,否
2021年01月16日广州天气预报,多云 /多云,11℃ , 24℃,北风 1-2级 ,否
2021年01月17日广州天气预报,多云 /多云,6℃ , 17℃,北风 3-4级 ,否
2021年01月18日广州天气预报,多云 /多云,6℃ , 18℃,北风 1-2级 ,否
2021年01月19日广州天气预报,多云 /阴,10℃ , 19℃,北风 1-2级 ,否
2021年01月20日广州天气预报,多云 /多云,11℃ , 22℃,北风 1-2级 ,否
2021年01月21日广州天气预报,多云 /多云,16℃ , 25℃,北风 1-2级 ,否
2021年01月22日广州天气预报,小雨 /多云,13℃ , 22℃,北风 1-2级 ,否
2021年01月23日广州天气预报,多云 /多云,13℃ , 25℃,北风 1-2级 ,否
2021年01月24日广州天气预报,多云 /多云,15℃ , 26℃,北风 1-2级 ,否
2021年01月25日广州天气预报,多云 /多云,13℃ , 24℃,北风 1-2级 ,否
2021年01月26日广州天气预报,多云 /多云,14℃ , 25℃,北风 1-2级 ,否
2021年01月27日广州天气预报,多云 /多云,13℃ , 23℃,北风 1-2级 ,否
2021年01月28日广州天气预报,晴 /晴,11℃ , 21℃,北风 1-2级 ,否
2021年01月29日广州天气预报,多云 /多云,9℃ , 21℃,北风 1-2级 ,否
2021年01月30日广州天气预报,多云 /多云,12℃ , 23℃,北风 1-2级 ,否
2021年01月31日广州天气预报,晴 /多云,13℃ , 24℃,北风 1-2级 ,否
2021年02月01日广州天气预报,多云 /多云,14℃ , 25℃,北风 1-2级 ,否
2021年02月02日广州天气预报,多云 /多云,13℃ , 27℃,北风 1-2级 ,否
2021年02月03日广州天气预报,多云 /多云,13℃ , 25℃,北风 1-2级 ,否
2021年02月04日广州天气预报,晴 /晴,13℃ , 26℃,北风 1-2级 ,否
2021年02月05日广州天气预报,晴 /多云,14℃ , 26℃,北风 1-2级 ,否
2021年02月06日广州天气预报,多云 /多云,15℃ , 27℃,北风 1-2级 ,否
2021年02月07日广州天气预报,多云 /多云,13℃ , 28℃,北风 1-2级 ,否
2021年02月08日广州天气预报,晴 /多云,15℃ , 26℃,北风 1-2级 ,否
2021年02月09日广州天气预报,雷阵雨 /大雨,13℃ , 21℃,东北风 3-4级 ,是
2021年02月10日广州天气预报,中雨 /多云,10℃ , 16℃,北风 1-2级 ,是
2021年02月11日广州天气预报,晴 /晴,11℃ , 22℃,北风 1-2级 ,否
2021年02月12日广州天气预报,多云 /多云,13℃ , 23℃,北风 1-2级 ,否
2021年02月13日广州天气预报,多云 /多云,12℃ , 22℃,北风 1-2级 ,否
2021年02月14日广州天气预报,多云 /多云,14℃ , 25℃,北风 1-2级 ,否
2021年02月15日广州天气预报,多云 /多云,15℃ , 25℃,北风 1-2级 ,否
2021年02月16日广州天气预报,多云 /多云,15℃ , 26℃,北风 1-2级 ,否
2021年02月17日广州天气预报,晴 /晴,13℃ , 23℃,北风 3-4级 ,否
2021年02月18日广州天气预报,晴 /晴,10℃ , 22℃,北风 1-2级 ,否
2021年02月19日广州天气预报,多云 /晴,14℃ , 24℃,北风 1-2级 ,否
2021年02月20日广州天气预报,晴 /晴,11℃ , 24℃,北风 1-2级 ,否
2021年02月21日广州天气预报,多云 /多云,15℃ , 27℃,北风 1-2级 ,否
2021年02月22日广州天气预报,多云 /多云,14℃ , 28℃,北风 1-2级 ,否
2021年02月23日广州天气预报,多云 /多云,14℃ , 29℃,北风 1-2级 ,否
2021年02月24日广州天气预报,晴 /多云,18℃ , 28℃,北风 1-2级 ,否
2021年02月25日广州天气预报,小雨 /小雨,17℃ , 25℃,北风 1-2级 ,否
2021年02月26日广州天气预报,中雨 /小雨,13℃ , 20℃,北风 1-2级 ,是
2021年02月27日广州天气预报,阴 /阴,16℃ , 21℃,北风 1-2级 ,否
2021年02月28日广州天气预报,多云 /阵雨,16℃ , 21℃,北风 1-2级 ,否
2021年03月01日广州天气预报,小雨 /小雨,13℃ , 25℃,北风 3-4级 ,否
2021年03月02日广州天气预报,多云 /多云,14℃ , 21℃,北风 1-2级 ,否
2021年03月03日广州天气预报,多云 /阴,16℃ , 22℃,北风 1-2级 ,否
2021年03月04日广州天气预报,小雨 /小雨,18℃ , 21℃,北风 1-2级 ,否
2021年03月05日广州天气预报,中雨 /雷阵雨,18℃ , 22℃,北风 1-2级 ,是
2021年03月06日广州天气预报,中雨 /雷阵雨,15℃ , 24℃,北风 3-4级 ,是
2021年03月07日广州天气预报,多云 /多云,15℃ , 20℃,北风 1-2级 ,否
2021年03月08日广州天气预报,阴 /多云,13℃ , 22℃,北风 1-2级 ,否
2021年03月09日广州天气预报,阴 /阴,18℃ , 25℃,北风 1-2级 ,否
2021年03月10日广州天气预报,多云 /多云,17℃ , 25℃,南风 1-2级 ,否
2021年03月11日广州天气预报,阴 /阴,19℃ , 25℃,北风 1-2级 ,否
2021年03月12日广州天气预报,多云 /阴,19℃ , 27℃,北风 1-2级 ,否
2021年03月13日广州天气预报,多云 /多云,19℃ , 27℃,北风 1-2级 ,否
2021年03月14日广州天气预报,阴 /阴,19℃ , 27℃,北风 1-2级 ,否
2021年03月15日广州天气预报,多云 /多云,19℃ , 28℃,北风 1-2级 ,否
2021年03月16日广州天气预报,多云 /多云,19℃ , 28℃,北风 1-2级 ,否
2021年03月17日广州天气预报,多云 /阴,20℃ , 28℃,北风 1-2级 ,否
2021年03月18日广州天气预报,多云 /多云,20℃ , 29℃,北风 1-2级 ,否
2021年03月19日广州天气预报,多云 /多云,21℃ , 29℃,南风 1-2级 ,否
2021年03月20日广州天气预报,多云 /多云,18℃ , 29℃,北风 1-2级 ,否
2021年03月21日广州天气预报,小雨 /小雨,13℃ , 18℃,北风 3-4级 ,否
2021年03月22日广州天气预报,多云 /多云,13℃ , 21℃,北风 3-4级 ,否
2021年03月23日广州天气预报,小雨 /小雨,15℃ , 21℃,北风 1-2级 ,否
2021年03月24日广州天气预报,多云 /多云,16℃ , 25℃,北风 1-2级 ,否
2021年03月25日广州天气预报,多云 /多云,15℃ , 26℃,北风 1-2级 ,否
2021年03月26日广州天气预报,多云 /多云,19℃ , 28℃,北风 1-2级 ,否
2021年03月27日广州天气预报,多云 /多云,20℃ , 27℃,北风 1-2级 ,否
2021年03月28日广州天气预报,多云 /多云,21℃ , 29℃,北风 1-2级 ,否
2021年03月29日广州天气预报,阴 /多云,22℃ , 31℃,南风 1-2级 ,否
2021年03月30日广州天气预报,多云 /多云,23℃ , 32℃,南风 1-2级 ,否
2021年03月31日广州天气预报,多云 /多云,24℃ , 30℃,南风 1-2级 ,否
2021年04月01日广州天气预报,多云 /多云,22℃ , 32℃,南风 1-2级 ,否
2021年04月02日广州天气预报,多云 /多云,22℃ , 31℃,北风 1-2级 ,否
2021年04月03日广州天气预报,多云 /多云,23℃ , 31℃,北风 1-2级 ,否
2021年04月04日广州天气预报,多云 /多云,21℃ , 31℃,北风 1-2级 ,否
2021年04月05日广州天气预报,阴 /多云,21℃ , 28℃,北风 1-2级 ,否
2021年04月06日广州天气预报,阴 /多云,20℃ , 30℃,北风 1-2级 ,否
2021年04月07日广州天气预报,阴 /中雨,19℃ , 29℃,北风 1-2级 ,是
2021年04月08日广州天气预报,中雨 /中雨,18℃ , 23℃,北风 1-2级 ,是
2021年04月09日广州天气预报,阴 /阴,19℃ , 23℃,北风 1-2级 ,否
2021年04月10日广州天气预报,多云 /多云,20℃ , 25℃,北风 1-2级 ,否
2021年04月11日广州天气预报,阴 /多云,19℃ , 28℃,北风 1-2级 ,否
2021年04月12日广州天气预报,多云 /多云,20℃ , 29℃,北风 1-2级 ,否
2021年04月13日广州天气预报,多云 /多云,21℃ , 30℃,北风 1-2级 ,否
2021年04月14日广州天气预报,雷阵雨 /雷阵雨,21℃ , 30℃,南风 1-2级 ,是
2021年04月15日广州天气预报,大雨 /中雨,20℃ , 27℃,北风 1-2级 ,是
2021年04月16日广州天气预报,大雨 /小雨,21℃ , 24℃,北风 1-2级 ,是
2021年04月17日广州天气预报,雷阵雨 /阴,20℃ , 24℃,北风 1-2级 ,是
2021年04月18日广州天气预报,小雨 /多云,19℃ , 26℃,北风 1-2级 ,否
2021年04月19日广州天气预报,雷阵雨 /多云,19℃ , 22℃,北风 1-2级 ,是
2021年04月20日广州天气预报,阴 /多云,18℃ , 25℃,北风 1-2级 ,否
2021年04月21日广州天气预报,多云 /晴,21℃ , 29℃,南风 1-2级 ,否
2021年04月22日广州天气预报,多云 /多云,22℃ , 30℃,北风 1-2级 ,否
2021年04月23日广州天气预报,多云 /多云,23℃ , 31℃,北风 1-2级 ,否
2021年04月24日广州天气预报,雷阵雨 /雷阵雨,24℃ , 32℃,东南风 1-2级 ,是
2021年04月25日广州天气预报,中雨 /中雨,21℃ , 25℃,北风 1-2级 ,是
2021年04月26日广州天气预报,雷阵雨 /雷阵雨,20℃ , 26℃,北风 1-2级 ,是
2021年04月27日广州天气预报,中雨 /大雨,20℃ , 24℃,东南风 1-2级 ,是
2021年04月28日广州天气预报,中雨 /小雨,18℃ , 23℃,北风 1-2级 ,是
2021年04月29日广州天气预报,多云 /多云,18℃ , 27℃,北风 1-2级 ,否
2021年04月30日广州天气预报,多云 /晴,18℃ , 29℃,北风 1-2级 ,否
2021年05月01日广州天气预报,多云 /多云,22℃ , 31℃,北风 1-2级 ,否
2021年05月02日广州天气预报,小雨 /小雨,22℃ , 30℃,北风 1-2级 ,否
2021年05月03日广州天气预报,雷阵雨 /雷阵雨,22℃ , 29℃,东南风 3-4级 ,是
2021年05月04日广州天气预报,小雨 /小雨,20℃ , 28℃,北风 1-2级 ,否
2021年05月05日广州天气预报,阴 /多云,21℃ , 29℃,北风 1-2级 ,否
2021年05月06日广州天气预报,阴 /多云,21℃ , 31℃,北风 1-2级 ,否
2021年05月07日广州天气预报,雷阵雨 /多云,23℃ , 32℃,北风 1-2级 ,是
2021年05月08日广州天气预报,多云 /多云,24℃ , 32℃,西南风 1-2级 ,否
2021年05月09日广州天气预报,雷阵雨 /雷阵雨,25℃ , 33℃,北风 1-2级 ,是
2021年05月10日广州天气预报,阴 /多云,25℃ , 32℃,北风 1-2级 ,否
2021年05月11日广州天气预报,多云 /多云,25℃ , 34℃,南风 3-4级 ,否
2021年05月12日广州天气预报,多云 /雷阵雨,25℃ , 33℃,北风 1-2级 ,是
2021年05月13日广州天气预报,多云 /多云,26℃ , 34℃,北风 1-2级 ,否
2021年05月14日广州天气预报,雷阵雨 /雷阵雨,26℃ , 34℃,南风 3-4级 ,是
2021年05月15日广州天气预报,雷阵雨 /多云,27℃ , 34℃,南风 3-4级 ,是
2021年05月16日广州天气预报,雷阵雨 /雷阵雨,25℃ , 35℃,南风 1-2级 ,是
2021年05月17日广州天气预报,大雨 /雷阵雨,25℃ , 33℃,北风 1-2级 ,是
2021年05月18日广州天气预报,中雨 /多云,25℃ , 31℃,北风 1-2级 ,是
2021年05月19日广州天气预报,雷阵雨 /阴,26℃ , 32℃,南风 1-2级 ,是
2021年05月20日广州天气预报,雷阵雨 /多云,27℃ , 34℃,北风 1-2级 ,是
2021年05月21日广州天气预报,多云 /阴,27℃ , 34℃,南风 1-2级 ,否
2021年05月22日广州天气预报,多云 /多云,27℃ , 36℃,北风 1-2级 ,否
2021年05月23日广州天气预报,多云 /多云,28℃ , 34℃,北风 1-2级 ,否
2021年05月24日广州天气预报,中雨 /雷阵雨,26℃ , 32℃,北风 1-2级 ,是
2021年05月25日广州天气预报,中雨 /雷阵雨,25℃ , 33℃,北风 1-2级 ,是
2021年05月26日广州天气预报,多云 /阴,26℃ , 34℃,北风 1-2级 ,否
2021年05月27日广州天气预报,雷阵雨 /阴,26℃ , 34℃,北风 1-2级 ,是
2021年05月28日广州天气预报,雷阵雨 /雷阵雨,27℃ , 35℃,北风 1-2级 ,是
2021年05月29日广州天气预报,雷阵雨 /阴,26℃ , 33℃,北风 1-2级 ,是
2021年05月30日广州天气预报,大雨 /大雨,25℃ , 32℃,北风 1-2级 ,是
2021年05月31日广州天气预报,中雨 /大雨,23℃ , 30℃,北风 1-2级 ,是
2021年06月01日广州天气预报,大雨 /中雨,25℃ , 30℃,北风 1-2级 ,是
2021年06月02日广州天气预报,大雨 /雷阵雨,25℃ , 29℃,北风 1-2级 ,是
2021年06月03日广州天气预报,中雨 /小雨,23℃ , 33℃,北风 1-2级 ,是
2021年06月04日广州天气预报,大雨 /小雨,23℃ , 28℃,北风 1-2级 ,是
2021年06月04日广州天气预报,大雨 /小雨,23℃ , 28℃,北风 1-2级 ,是
2021年06月04日广州天气预报,大雨 /小雨,23℃ , 28℃,北风 1-2级 ,是
2021年06月05日广州天气预报,阴 /多云,23℃ , 31℃,北风 1-2级 ,否
2021年06月06日广州天气预报,多云 /多云,24℃ , 33℃,北风 1-2级 ,否
2021年06月07日广州天气预报,中雨 /多云,24℃ , 31℃,北风 1-2级 ,是
2021年06月08日广州天气预报,雷阵雨 /雷阵雨,25℃ , 33℃,北风 1-2级 ,是
2021年06月09日广州天气预报,雷阵雨 /雷阵雨,25℃ , 33℃,北风 1-2级 ,是
2021年06月10日广州天气预报,多云 /多云,25℃ , 33℃,北风 1-2级 ,否
2021年06月11日广州天气预报,雷阵雨 /雷阵雨,25℃ , 33℃,北风 1-2级 ,是
2021年06月12日广州天气预报,雷阵雨 /中雨,24℃ , 31℃,东风 3-4级 ,是
2021年06月13日广州天气预报,中雨 /雷阵雨,26℃ , 31℃,南风 1-2级 ,是
2021年06月14日广州天气预报,雷阵雨 /雷阵雨,25℃ , 31℃,北风 1-2级 ,是
2021年06月15日广州天气预报,雷阵雨 /阴,26℃ , 33℃,北风 1-2级 ,是
2021年06月16日广州天气预报,雷阵雨 /阴,27℃ , 33℃,北风 1-2级 ,是
2021年06月17日广州天气预报,雷阵雨 /多云,26℃ , 34℃,北风 1-2级 ,是
2021年06月18日广州天气预报,多云 /多云,26℃ , 35℃,北风 1-2级 ,否
2021年06月19日广州天气预报,多云 /多云,28℃ , 35℃,北风 1-2级 ,否
2021年06月20日广州天气预报,多云 /多云,28℃ , 34℃,北风 1-2级 ,否
2021年06月21日广州天气预报,雷阵雨 /暴雨,25℃ , 35℃,北风 1-2级 ,是
2021年06月22日广州天气预报,雷阵雨 /暴雨,25℃ , 29℃,北风 1-2级 ,是
2021年06月23日广州天气预报,中雨 /雷阵雨,24℃ , 29℃,北风 1-2级 ,是
2021年06月24日广州天气预报,大雨 /雷阵雨,25℃ , 29℃,北风 1-2级 ,是
2021年06月25日广州天气预报,雷阵雨 /雷阵雨,26℃ , 32℃,北风 1-2级 ,是
2021年06月26日广州天气预报,雷阵雨 /多云,25℃ , 33℃,北风 1-2级 ,是
2021年06月27日广州天气预报,雷阵雨 /多云,26℃ , 34℃,北风 1-2级 ,是
2021年06月28日广州天气预报,小雨 /雷阵雨,26℃ , 32℃,北风 1-2级 ,是
2021年06月29日广州天气预报,中雨 /雷阵雨,26℃ , 32℃,北风 1-2级 ,是
2021年06月30日广州天气预报,雷阵雨 /雷阵雨,26℃ , 33℃,南风 1-2级 ,是
2021年07月01日广州天气预报,雷阵雨 /雷阵雨,28℃ , 34℃,北风 1-2级 ,是
2021年07月02日广州天气预报,雷阵雨 /多云,27℃ , 34℃,北风 1-2级 ,是
2021年07月03日广州天气预报,多云 /多云,26℃ , 33℃,北风 1-2级 ,否
2021年07月04日广州天气预报,多云 /多云,26℃ , 34℃,北风 1-2级 ,否
2021年07月05日广州天气预报,多云 /晴,26℃ , 35℃,北风 1-2级 ,否
2021年07月06日广州天气预报,雷阵雨 /雷阵雨,25℃ , 33℃,北风 1-2级 ,是
2021年07月07日广州天气预报,雷阵雨 /雷阵雨,25℃ , 31℃,东南风 1-2级 ,是
2021年07月08日广州天气预报,多云 /多云,27℃ , 34℃,南风 1-2级 ,否
2021年07月09日广州天气预报,多云 /多云,25℃ , 34℃,北风 1-2级 ,否
2021年07月10日广州天气预报,多云 /多云,26℃ , 35℃,北风 1-2级 ,否
2021年07月11日广州天气预报,多云 /多云,26℃ , 36℃,北风 1-2级 ,否
2021年07月12日广州天气预报,多云 /多云,27℃ , 36℃,北风 1-2级 ,否
2021年07月13日广州天气预报,多云 /多云,28℃ , 35℃,北风 1-2级 ,否
2021年07月14日广州天气预报,多云 /多云,25℃ , 35℃,北风 1-2级 ,否
2021年07月15日广州天气预报,多云 /多云,27℃ , 35℃,北风 1-2级 ,否
2021年07月16日广州天气预报,雷阵雨 /雷阵雨,26℃ , 35℃,北风 1-2级 ,是
2021年07月17日广州天气预报,雷阵雨 /雷阵雨,25℃ , 33℃,北风 1-2级 ,是
2021年07月18日广州天气预报,雷阵雨 /中雨,24℃ , 33℃,北风 1-2级 ,是
2021年07月19日广州天气预报,中雨 /小雨,24℃ , 31℃,北风 1-2级 ,是
2021年07月20日广州天气预报,中雨 /雷阵雨,25℃ , 30℃,东风 3-4级 ,是
2021年07月21日广州天气预报,大雨 /雷阵雨,24℃ , 31℃,东风 1-2级 ,是
2021年07月22日广州天气预报,雷阵雨 /多云,25℃ , 34℃,北风 1-2级 ,是
2021年07月23日广州天气预报,多云 /多云,27℃ , 36℃,北风 1-2级 ,否
2021年07月24日广州天气预报,多云 /晴,26℃ , 37℃,北风 1-2级 ,否
2021年07月25日广州天气预报,多云 /多云,26℃ , 36℃,北风 1-2级 ,否
2021年07月26日广州天气预报,雷阵雨 /多云,27℃ , 37℃,北风 1-2级 ,是
2021年07月27日广州天气预报,多云 /多云,26℃ , 36℃,北风 1-2级 ,否
2021年07月28日广州天气预报,雷阵雨 /雷阵雨,25℃ , 37℃,北风 1-2级 ,是
2021年07月29日广州天气预报,中雨 /雷阵雨,27℃ , 36℃,北风 1-2级 ,是
2021年07月30日广州天气预报,中雨 /中雨,25℃ , 34℃,北风 1-2级 ,是
2021年07月31日广州天气预报,中雨 /中雨,26℃ , 34℃,北风 1-2级 ,是
2021年08月01日广州天气预报,雷阵雨 /多云,25℃ , 34℃,北风 1-2级 ,是
2021年08月02日广州天气预报,雷阵雨 /雷阵雨,26℃ , 34℃,北风 1-2级 ,是
2021年08月03日广州天气预报,中雨 /雷阵雨,25℃ , 34℃,北风 1-2级 ,是
2021年08月04日广州天气预报,雷阵雨 /雷阵雨,25℃ , 29℃,北风 1-2级 ,是
2021年08月05日广州天气预报,雷阵雨 /雷阵雨,25℃ , 33℃,北风 1-2级 ,是
2021年08月06日广州天气预报,中雨 /阴,25℃ , 32℃,北风 1-2级 ,是
2021年08月07日广州天气预报,小雨 /小雨,25℃ , 34℃,西南风 1-2级 ,否
2021年08月08日广州天气预报,雷阵雨 /雷阵雨,27℃ , 32℃,北风 1-2级 ,是
2021年08月09日广州天气预报,中雨 /雷阵雨,25℃ , 33℃,北风 1-2级 ,是
2021年08月10日广州天气预报,中雨 /雷阵雨,26℃ , 32℃,南风 3-4级 ,是
2021年08月11日广州天气预报,中雨 /雷阵雨,25℃ , 33℃,北风 1-2级 ,是
2021年08月12日广州天气预报,中雨 /雷阵雨,25℃ , 32℃,北风 1-2级 ,是
2021年08月13日广州天气预报,雷阵雨 /雷阵雨,25℃ , 33℃,北风 1-2级 ,是
2021年08月14日广州天气预报,中雨 /雷阵雨,25℃ , 32℃,北风 1-2级 ,是
2021年08月15日广州天气预报,中雨 /雷阵雨,24℃ , 32℃,北风 1-2级 ,是
2021年08月16日广州天气预报,雷阵雨 /雷阵雨,25℃ , 33℃,北风 1-2级 ,是
2021年08月17日广州天气预报,多云 /多云,25℃ , 34℃,北风 1-2级 ,否
2021年08月18日广州天气预报,雷阵雨 /阴,26℃ , 35℃,北风 1-2级 ,是
2021年08月19日广州天气预报,雷阵雨 /雷阵雨,25℃ , 33℃,北风 1-2级 ,是
2021年08月20日广州天气预报,多云 /多云,25℃ , 34℃,北风 1-2级 ,否
2021年08月21日广州天气预报,多云 /多云,25℃ , 35℃,北风 1-2级 ,否
2021年08月22日广州天气预报,多云 /多云,27℃ , 34℃,北风 1-2级 ,否
2021年08月23日广州天气预报,多云 /多云,27℃ , 34℃,北风 1-2级 ,否
2021年08月24日广州天气预报,多云 /多云,26℃ , 34℃,北风 1-2级 ,否
2021年08月25日广州天气预报,中雨 /阴,26℃ , 33℃,北风 1-2级 ,是
2021年08月26日广州天气预报,雷阵雨 /雷阵雨,26℃ , 34℃,北风 1-2级 ,是
2021年08月27日广州天气预报,雷阵雨 /多云,25℃ , 34℃,北风 1-2级 ,是
2021年08月28日广州天气预报,雷阵雨 /雷阵雨,25℃ , 33℃,北风 1-2级 ,是
2021年08月29日广州天气预报,雷阵雨 /雷阵雨,24℃ , 33℃,北风 1-2级 ,是
2021年08月30日广州天气预报,雷阵雨 /雷阵雨,25℃ , 34℃,北风 1-2级 ,是
2021年08月31日广州天气预报,雷阵雨 /雷阵雨,24℃ , 32℃,北风 1-2级 ,是
2021年09月01日广州天气预报,雷阵雨 /雷阵雨,24℃ , 32℃,北风 1-2级 ,是
2021年09月02日广州天气预报,多云 /多云,23℃ , 33℃,北风 1-2级 ,否
2021年09月03日广州天气预报,多云 /多云,26℃ , 34℃,北风 1-2级 ,否
2021年09月04日广州天气预报,雷阵雨 /雷阵雨,26℃ , 34℃,北风 1-2级 ,是
2021年09月05日广州天气预报,多云 /多云,26℃ , 34℃,北风 1-2级 ,否
2021年09月06日广州天气预报,雷阵雨 /雷阵雨,25℃ , 34℃,北风 1-2级 ,是
2021年09月07日广州天气预报,中雨 /雷阵雨,25℃ , 34℃,北风 1-2级 ,是
2021年09月08日广州天气预报,雷阵雨 /晴,26℃ , 34℃,北风 1-2级 ,是
2021年09月09日广州天气预报,雷阵雨 /多云,27℃ , 35℃,北风 1-2级 ,是
2021年09月10日广州天气预报,雷阵雨 /多云,25℃ , 35℃,东北风 1-2级 ,是
2021年09月11日广州天气预报,雷阵雨 /雷阵雨,27℃ , 36℃,西北风 1-2级 ,是
2021年09月12日广州天气预报,多云 /雷阵雨,26℃ , 36℃,西北风 1-2级 ,是
2021年09月13日广州天气预报,多云 /多云,26℃ , 37℃,北风 1-2级 ,否
2021年09月14日广州天气预报,雷阵雨 /雷阵雨,26℃ , 35℃,北风 1-2级 ,是
2021年09月15日广州天气预报,雷阵雨 /多云,27℃ , 35℃,北风 1-2级 ,是
2021年09月16日广州天气预报,大雨 /多云,24℃ , 34℃,北风 1-2级 ,是
2021年09月17日广州天气预报,雷阵雨 /雷阵雨,26℃ , 35℃,北风 1-2级 ,是
2021年09月18日广州天气预报,多云 /多云,25℃ , 34℃,北风 1-2级 ,否
2021年09月19日广州天气预报,雷阵雨 /雷阵雨,24℃ , 34℃,北风 1-2级 ,是
2021年09月20日广州天气预报,多云 /多云,25℃ , 34℃,北风 1-2级 ,否
2021年09月21日广州天气预报,多云 /多云,24℃ , 34℃,北风 1-2级 ,否
2021年09月22日广州天气预报,阴 /阴,24℃ , 34℃,北风 1-2级 ,否
2021年09月23日广州天气预报,雷阵雨 /多云,25℃ , 34℃,北风 1-2级 ,是
2021年09月24日广州天气预报,雷阵雨 /雷阵雨,23℃ , 33℃,北风 1-2级 ,是
2021年09月25日广州天气预报,多云 /多云,25℃ , 34℃,北风 1-2级 ,否
2021年09月26日广州天气预报,多云 /多云,26℃ , 35℃,北风 1-2级 ,否
2021年09月27日广州天气预报,晴 /晴,24℃ , 34℃,北风 1-2级 ,否
2021年09月28日广州天气预报,多云 /多云,26℃ , 35℃,北风 1-2级 ,否
2021年09月29日广州天气预报,多云 /多云,25℃ , 35℃,北风 1-2级 ,否
2021年09月30日广州天气预报,雷阵雨 /多云,26℃ , 34℃,北风 1-2级 ,是
2021年10月01日广州天气预报,雷阵雨 /雷阵雨,26℃ , 34℃,北风 1-2级 ,是
2021年10月02日广州天气预报,雷阵雨 /雷阵雨,24℃ , 33℃,北风 1-2级 ,是
2021年10月03日广州天气预报,雷阵雨 /雷阵雨,23℃ , 34℃,北风 1-2级 ,是
2021年10月04日广州天气预报,多云 /晴,24℃ , 35℃,北风 1-2级 ,否
2021年10月05日广州天气预报,多云 /多云,24℃ , 34℃,北风 1-2级 ,否
2021年10月06日广州天气预报,多云 /多云,23℃ , 33℃,北风 1-2级 ,否
2021年10月07日广州天气预报,阵雨 /阴,26℃ , 34℃,北风 1-2级 ,否
2021年10月08日广州天气预报,大雨 /大雨,23℃ , 28℃,东北风 4-5级 ,是
2021年10月09日广州天气预报,中雨 /中雨,24℃ , 27℃,东风 1-2级 ,是
2021年10月10日广州天气预报,中雨 /雷阵雨,21℃ , 28℃,北风 1-2级 ,是
2021年10月11日广州天气预报,多云 /多云,20℃ , 28℃,北风 4-5级 ,否
2021年10月12日广州天气预报,雷阵雨 /雷阵雨,21℃ , 29℃,北风 4-5级 ,是
2021年10月13日广州天气预报,中雨 /小雨,22℃ , 25℃,北风 3-4级 ,是
2021年10月14日广州天气预报,雷阵雨 /多云,21℃ , 27℃,北风 3-4级 ,是
2021年10月15日广州天气预报,中雨 /中雨,20℃ , 27℃,北风 1-2级 ,是
2021年10月16日广州天气预报,多云 /多云,17℃ , 25℃,北风 3-4级 ,否
2021年10月17日广州天气预报,多云 /多云,17℃ , 24℃,北风 3-4级 ,否
2021年10月18日广州天气预报,多云 /多云,18℃ , 26℃,北风 1-2级 ,否
2021年10月19日广州天气预报,多云 /多云,20℃ , 28℃,北风 1-2级 ,否
2021年10月20日广州天气预报,多云 /阴,19℃ , 30℃,北风 1-2级 ,否
2021年10月21日广州天气预报,小雨 /小雨,15℃ , 19℃,北风 3-4级 ,否
2021年10月22日广州天气预报,小雨 /阴,14℃ , 18℃,北风 3-4级 ,否
2021年10月23日广州天气预报,阴 /多云,15℃ , 20℃,北风 1-2级 ,否
2021年10月24日广州天气预报,多云 /多云,15℃ , 24℃,北风 3-4级 ,否
2021年10月25日广州天气预报,多云 /多云,18℃ , 26℃,北风 1-2级 ,否
2021年10月26日广州天气预报,多云 /阴,20℃ , 27℃,北风 1-2级 ,否
2021年10月27日广州天气预报,多云 /多云,20℃ , 28℃,北风 1-2级 ,否
2021年10月28日广州天气预报,多云 /多云,19℃ , 29℃,北风 1-2级 ,否
2021年10月29日广州天气预报,多云 /小雨,19℃ , 29℃,北风 1-2级 ,否
2021年10月30日广州天气预报,小雨 /小雨,18℃ , 22℃,北风 1-2级 ,否
2021年10月31日广州天气预报,阴 /多云,19℃ , 25℃,北风 1-2级 ,否
2021年11月01日广州天气预报,多云 /多云,20℃ , 27℃,北风 1-2级 ,否
2021年11月02日广州天气预报,多云 /多云,20℃ , 27℃,北风 1-2级 ,否
2021年11月03日广州天气预报,阴 /多云,21℃ , 28℃,北风 1-2级 ,否
2021年11月04日广州天气预报,多云 /多云,20℃ , 28℃,北风 1-2级 ,否
2021年11月05日广州天气预报,多云 /多云,22℃ , 29℃,北风 1-2级 ,否
2021年11月06日广州天气预报,多云 /多云,21℃ , 30℃,北风 1-2级 ,否
2021年11月07日广州天气预报,小雨 /小雨,13℃ , 28℃,北风 4-5级 ,否
2021年11月08日广州天气预报,多云 /多云,10℃ , 17℃,北风 3-4级 ,否
2021年11月09日广州天气预报,多云 /多云,12℃ , 18℃,北风 3-4级 ,否
2021年11月10日广州天气预报,多云 /晴,11℃ , 23℃,北风 1-2级 ,否
2021年11月11日广州天气预报,多云 /多云,15℃ , 23℃,北风 1-2级 ,否
2021年11月12日广州天气预报,多云 /多云,13℃ , 24℃,北风 1-2级 ,否
2021年11月13日广州天气预报,多云 /晴,14℃ , 24℃,北风 1-2级 ,否
2021年11月14日广州天气预报,晴 /多云,16℃ , 25℃,北风 1-2级 ,否
2021年11月15日广州天气预报,多云 /多云,15℃ , 23℃,北风 1-2级 ,否
2021年11月16日广州天气预报,多云 /多云,16℃ , 25℃,北风 1-2级 ,否
2021年11月17日广州天气预报,多云 /小雨,14℃ , 25℃,北风 1-2级 ,否
2021年11月18日广州天气预报,多云 /多云,16℃ , 25℃,北风 1-2级 ,否
2021年11月19日广州天气预报,多云 /多云,18℃ , 25℃,北风 1-2级 ,否
2021年11月20日广州天气预报,阴 /多云,18℃ , 26℃,北风 1-2级 ,否
2021年11月21日广州天气预报,多云 /小雨,14℃ , 26℃,北风 3-4级 ,否
2021年11月22日广州天气预报,阵雨 /多云,11℃ , 17℃,北风 3-4级 ,否
2021年11月23日广州天气预报,多云 /多云,9℃ , 19℃,北风 1-2级 ,否
2021年11月24日广州天气预报,多云 /多云,14℃ , 20℃,北风 1-2级 ,否
2021年11月25日广州天气预报,多云 /多云,13℃ , 21℃,北风 1-2级 ,否
2021年11月26日广州天气预报,多云 /多云,13℃ , 25℃,北风 1-2级 ,否
2021年11月27日广州天气预报,晴 /晴,13℃ , 23℃,北风 1-2级 ,否
2021年11月28日广州天气预报,多云 /晴,15℃ , 25℃,北风 1-2级 ,否
2021年11月29日广州天气预报,多云 /多云,15℃ , 26℃,北风 3-4级 ,否
2021年11月30日广州天气预报,晴 /晴,8℃ , 22℃,北风 3-4级 ,否
2021年12月01日广州天气预报,晴 /晴,7℃ , 19℃,北风 1-2级 ,否
2021年12月02日广州天气预报,晴 /晴,10℃ , 20℃,北风 1-2级 ,否
2021年12月03日广州天气预报,多云 /多云,6℃ , 22℃,北风 1-2级 ,否
2021年12月04日广州天气预报,多云 /多云,10℃ , 22℃,北风 1-2级 ,否
2021年12月05日广州天气预报,多云 /多云,10℃ , 23℃,北风 1-2级 ,否
2021年12月06日广州天气预报,晴 /多云,8℃ , 23℃,北风 1-2级 ,否
2021年12月07日广州天气预报,晴 /晴,10℃ , 22℃,北风 1-2级 ,否
2021年12月08日广州天气预报,晴 /晴,10℃ , 20℃,北风 1-2级 ,否
2021年12月09日广州天气预报,多云 /多云,13℃ , 25℃,北风 1-2级 ,否
2021年12月10日广州天气预报,多云 /多云,15℃ , 25℃,北风 1-2级 ,否
2021年12月11日广州天气预报,多云 /晴,12℃ , 25℃,北风 1-2级 ,否
2021年12月12日广州天气预报,晴 /晴,12℃ , 25℃,北风 3-4级 ,否
2021年12月13日广州天气预报,多云 /多云,11℃ , 23℃,北风 1-2级 ,否
2021年12月14日广州天气预报,多云 /多云,16℃ , 24℃,北风 1-2级 ,否
2021年12月15日广州天气预报,多云 /小雨,19℃ , 22℃,北风 1-2级 ,否
2021年12月16日广州天气预报,小雨 /小雨,14℃ , 24℃,北风 3-4级 ,否
2021年12月17日广州天气预报,多云 /多云,11℃ , 19℃,北风 3-4级 ,否
2021年12月18日广州天气预报,多云 /多云,9℃ , 21℃,北风 3-4级 ,否
2021年12月19日广州天气预报,多云 /小雨,13℃ , 16℃,北风 1-2级 ,否
2021年12月20日广州天气预报,小雨 /中雨,12℃ , 15℃,北风 3-4级 ,是
2021年12月21日广州天气预报,小雨 /多云,11℃ , 15℃,北风 1-2级 ,否
2021年12月22日广州天气预报,多云 /阴,13℃ , 21℃,北风 1-2级 ,否
2021年12月23日广州天气预报,阴 /阴,14℃ , 20℃,北风 1-2级 ,否
2021年12月24日广州天气预报,多云 /多云,13℃ , 22℃,北风 1-2级 ,否
2021年12月25日广州天气预报,多云 /多云,9℃ , 13℃,北风 3-4级 ,否
2021年12月26日广州天气预报,阵雨 /小雨,5℃ , 14℃,北风 3-4级 ,否
2021年12月27日广州天气预报,阴 /多云,6℃ , 9℃,北风 1-2级 ,否
2021年12月28日广州天气预报,多云 /多云,9℃ , 14℃,北风 1-2级 ,否
2021年12月29日广州天气预报,多云 /多云,10℃ , 21℃,北风 1-2级 ,否
2021年12月30日广州天气预报,多云 /多云,9℃ , 18℃,北风 1-2级 ,否
2021年12月31日广州天气预报,多云 /多云,12℃ , 20℃,北风 1-2级 ,否
2022年01月01日广州天气预报,多云 /多云,10℃ , 19℃,北风 1-2级 ,否
2022年01月02日广州天气预报,多云 /多云,10℃ , 21℃,北风 1-2级 ,否
2022年01月03日广州天气预报,晴 /多云,12℃ , 24℃,北风 1-2级 ,否
2022年01月04日广州天气预报,多云 /阵雨,14℃ , 23℃,北风 1-2级 ,否
2022年01月05日广州天气预报,多云 /多云,14℃ , 24℃,北风 1-2级 ,否
2022年01月06日广州天气预报,多云 /多云,12℃ , 23℃,北风 1-2级 ,否
2022年01月07日广州天气预报,多云 /多云,11℃ , 22℃,北风 1-2级 ,否
2022年01月08日广州天气预报,多云 /多云,12℃ , 22℃,北风 1-2级 ,否
2022年01月09日广州天气预报,多云 /多云,13℃ , 20℃,北风 1-2级 ,否
2022年01月10日广州天气预报,小雨 /多云,14℃ , 21℃,北风 3-4级 ,否
2022年01月11日广州天气预报,多云 /晴,9℃ , 18℃,北风 1-2级 ,否
2022年01月12日广州天气预报,阴 /多云,10℃ , 19℃,北风 1-2级 ,否
2022年01月13日广州天气预报,多云 /多云,9℃ , 17℃,北风 1-2级 ,否
2022年01月14日广州天气预报,阴 /阴,13℃ , 17℃,北风 1-2级 ,否
2022年01月15日广州天气预报,多云 /多云,12℃ , 19℃,北风 1-2级 ,否
2022年01月16日广州天气预报,多云 /阴,13℃ , 22℃,北风 3-4级 ,否
2022年01月17日广州天气预报,小雨 /小雨,12℃ , 19℃,北风 1-2级 ,否
2022年01月18日广州天气预报,小雨 /多云,11℃ , 15℃,北风 1-2级 ,否
2022年01月19日广州天气预报,多云 /阴,10℃ , 19℃,北风 1-2级 ,否
2022年01月20日广州天气预报,多云 /多云,10℃ , 20℃,北风 1-2级 ,否
2022年01月21日广州天气预报,阴 /阴,13℃ , 22℃,北风 1-2级 ,否
2022年01月22日广州天气预报,小雨 /小雨,16℃ , 19℃,北风 1-2级 ,否
2022年01月23日广州天气预报,小雨 /中雨,15℃ , 22℃,北风 1-2级 ,是
2022年01月24日广州天气预报,小雨 /小雨,14℃ , 20℃,北风 1-2级 ,否
2022年01月25日广州天气预报,阴 /小雨,13℃ , 19℃,北风 1-2级 ,否
2022年01月26日广州天气预报,多云 /小雨,14℃ , 20℃,北风 1-2级 ,否
2022年01月27日广州天气预报,小雨 /多云,15℃ , 22℃,北风 1-2级 ,否
2022年01月28日广州天气预报,多云 /多云,14℃ , 24℃,北风 1-2级 ,否
2022年01月29日广州天气预报,小雨 /小雨,8℃ , 20℃,北风 1-2级 ,否
2022年01月30日广州天气预报,多云 /多云,8℃ , 15℃,东北风 3-4级 ,否
2022年01月31日广州天气预报,小雨 /小雨,7℃ , 12℃,北风 1-2级 ,否
2022年02月01日广州天气预报,小雨 /中雨,8℃ , 11℃,北风 1-2级 ,是
2022年02月02日广州天气预报,小雨 /中到大雨,7℃ , 11℃,北风 1-2级 ,是
2022年02月03日广州天气预报,小雨 /多云,7℃ , 11℃,北风 1-2级 ,否
2022年02月04日广州天气预报,多云 /多云,6℃ , 15℃,北风 1-2级 ,否
2022年02月05日广州天气预报,多云 /多云,7℃ , 15℃,北风 1-2级 ,否
2022年02月06日广州天气预报,阴 /中雨,10℃ , 15℃,北风 3-4级 ,是
2022年02月07日广州天气预报,中雨 /阴,9℃ , 16℃,北风 3-4级 ,是
2022年02月08日广州天气预报,阴 /小雨,9℃ , 14℃,北风 1-2级 ,否
2022年02月09日广州天气预报,阴 /小雨,10℃ , 13℃,北风 1-2级 ,否
2022年02月10日广州天气预报,阴 /阴,10℃ , 14℃,北风 1-2级 ,否
2022年02月11日广州天气预报,多云 /多云,13℃ , 18℃,北风 1-2级 ,否
2022年02月12日广州天气预报,多云 /小雨,14℃ , 22℃,北风 1-2级 ,否
2022年02月13日广州天气预报,小雨 /小雨,9℃ , 15℃,北风 3-4级 ,否
2022年02月14日广州天气预报,多云 /多云,9℃ , 19℃,北风 1-2级 ,否
2022年02月15日广州天气预报,多云 /多云,12℃ , 21℃,北风 1-2级 ,否
2022年02月16日广州天气预报,阴 /小雨,13℃ , 19℃,北风 1-2级 ,否
2022年02月17日广州天气预报,小雨 /小雨,13℃ , 17℃,北风 1-2级 ,否
2022年02月18日广州天气预报,小雨 /小雨,9℃ , 16℃,北风 1-2级 ,否
2022年02月19日广州天气预报,中到大雨 /大雨,5℃ , 8℃,北风 3-4级 ,是
2022年02月20日广州天气预报,中雨 /中雨,4℃ , 7℃,北风 3-4级 ,是
2022年02月21日广州天气预报,大雨 /小雨,5℃ , 7℃,北风 1-2级 ,是
2022年02月22日广州天气预报,小雨 /小雨,5℃ , 8℃,北风 1-2级 ,否
2022年02月23日广州天气预报,多云 /多云,5℃ , 13℃,北风 3-4级 ,否
2022年02月24日广州天气预报,多云 /晴,6℃ , 15℃,北风 1-2级 ,否
2022年02月25日广州天气预报,多云 /多云,9℃ , 17℃,北风 1-2级 ,否
2022年02月26日广州天气预报,多云 /多云,11℃ , 21℃,北风 1-2级 ,否
2022年02月27日广州天气预报,多云 /多云,12℃ , 23℃,北风 1-2级 ,否
2022年02月28日广州天气预报,阴 /多云,12℃ , 25℃,北风 1-2级 ,否
2022年03月01日广州天气预报,多云 /多云,15℃ , 25℃,北风 3-4级 ,否
2022年03月02日广州天气预报,多云 /多云,16℃ , 26℃,北风 1-2级 ,否
2022年03月03日广州天气预报,多云 /多云,16℃ , 25℃,北风 1-2级 ,否
2022年03月04日广州天气预报,多云 /晴,15℃ , 26℃,北风 1-2级 ,否
2022年03月05日广州天气预报,多云 /多云,17℃ , 28℃,北风 1-2级 ,否
2022年03月06日广州天气预报,多云 /中雨,16℃ , 26℃,北风 1-2级 ,是
2022年03月07日广州天气预报,多云 /晴,11℃ , 21℃,北风 3-4级 ,否
2022年03月08日广州天气预报,晴 /晴,12℃ , 23℃,南风 1-2级 ,否
2022年03月09日广州天气预报,晴 /多云,12℃ , 24℃,北风 1-2级 ,否
2022年03月10日广州天气预报,多云 /多云,15℃ , 26℃,北风 1-2级 ,否
2022年03月11日广州天气预报,多云 /多云,17℃ , 28℃,北风 1-2级 ,否
2022年03月12日广州天气预报,多云 /多云,18℃ , 28℃,北风 1-2级 ,否
2022年03月13日广州天气预报,多云 /多云,20℃ , 28℃,北风 1-2级 ,否
2022年03月14日广州天气预报,多云 /多云,19℃ , 29℃,北风 1-2级 ,否
2022年03月15日广州天气预报,多云 /多云,19℃ , 30℃,北风 1-2级 ,否
2022年03月16日广州天气预报,多云 /多云,20℃ , 30℃,北风 1-2级 ,否
2022年03月17日广州天气预报,雷阵雨 /雷阵雨,18℃ , 29℃,北风 1-2级 ,是
2022年03月18日广州天气预报,多云 /多云,21℃ , 27℃,北风 1-2级 ,否
2022年03月19日广州天气预报,多云 /阵雨,21℃ , 29℃,北风 1-2级 ,否
2022年03月20日广州天气预报,小雨 /阴,23℃ , 28℃,南风 1-2级 ,否
2022年03月21日广州天气预报,雷阵雨 /雷阵雨,21℃ , 28℃,南风 1-2级 ,是
2022年03月22日广州天气预报,中到大雨 /大到暴雨,14℃ , 27℃,南风 3-4级 ,是
2022年03月23日广州天气预报,中雨 /中雨,13℃ , 15℃,北风 1-2级 ,是
2022年03月24日广州天气预报,小雨 /中雨,13℃ , 21℃,北风 1-2级 ,是
2022年03月25日广州天气预报,中雨 /雷阵雨,18℃ , 24℃,南风 1-2级 ,是
2022年03月26日广州天气预报,中雨 /雷阵雨,17℃ , 26℃,北风 1-2级 ,是
2022年03月27日广州天气预报,阴 /雷阵雨,14℃ , 22℃,北风 1-2级 ,是
2022年03月28日广州天气预报,小雨 /阴,16℃ , 20℃,北风 1-2级 ,否
2022年03月29日广州天气预报,中雨 /中雨,18℃ , 22℃,北风 1-2级 ,是
2022年03月30日广州天气预报,雾 /雾,20℃ , 26℃,北风 1-2级 ,否
2022年03月31日广州天气预报,雷阵雨 /雷阵雨,14℃ , 30℃,北风 1-2级 ,是
2022年04月01日广州天气预报,雷阵雨 /雷阵雨,11℃ , 16℃,北风 4-5级 ,是
2022年04月02日广州天气预报,阴 /多云,12℃ , 17℃,北风 1-2级 ,否
2022年04月03日广州天气预报,晴 /晴,13℃ , 23℃,北风 1-2级 ,否
2022年04月04日广州天气预报,晴 /晴,11℃ , 26℃,北风 1-2级 ,否
2022年04月05日广州天气预报,晴 /晴,14℃ , 27℃,北风 1-2级 ,否
2022年04月06日广州天气预报,多云 /多云,16℃ , 29℃,北风 1-2级 ,否
2022年04月07日广州天气预报,多云 /多云,18℃ , 30℃,北风 1-2级 ,否
2022年04月08日广州天气预报,多云 /多云,17℃ , 31℃,北风 1-2级 ,否
2022年04月09日广州天气预报,晴 /晴,17℃ , 31℃,北风 1-2级 ,否
2022年04月10日广州天气预报,晴 /晴,17℃ , 30℃,北风 1-2级 ,否
2022年04月11日广州天气预报,晴 /多云,19℃ , 30℃,北风 1-2级 ,否
2022年04月12日广州天气预报,多云 /多云,21℃ , 31℃,北风 1-2级 ,否
2022年04月13日广州天气预报,雷阵雨 /小雨,19℃ , 29℃,北风 1-2级 ,是
2022年04月14日广州天气预报,多云 /多云,18℃ , 29℃,北风 1-2级 ,否
2022年04月15日广州天气预报,多云 /阴,20℃ , 29℃,北风 1-2级 ,否
2022年04月16日广州天气预报,小雨 /小雨,19℃ , 26℃,北风 1-2级 ,否
2022年04月17日广州天气预报,阴 /小雨,16℃ , 21℃,北风 1-2级 ,否
2022年04月18日广州天气预报,小雨 /小雨,15℃ , 19℃,北风 1-2级 ,否
2022年04月19日广州天气预报,小雨 /小雨,15℃ , 19℃,北风 1-2级 ,否
2022年04月20日广州天气预报,小雨 /多云,16℃ , 22℃,北风 1-2级 ,否
2022年04月21日广州天气预报,多云 /多云,21℃ , 28℃,北风 1-2级 ,否
2022年04月22日广州天气预报,雷阵雨 /阴,22℃ , 28℃,北风 1-2级 ,是
2022年04月23日广州天气预报,雷阵雨 /雷阵雨,23℃ , 29℃,北风 1-2级 ,是
2022年04月24日广州天气预报,雷阵雨 /雷阵雨,24℃ , 30℃,北风 1-2级 ,是
2022年04月25日广州天气预报,阴 /多云,24℃ , 30℃,南风 1-2级 ,否
2022年04月26日广州天气预报,多云 /雷阵雨,24℃ , 31℃,北风 1-2级 ,是
2022年04月27日广州天气预报,多云 /多云,24℃ , 32℃,北风 1-2级 ,否
2022年04月28日广州天气预报,雷阵雨 /雷阵雨,25℃ , 31℃,北风 1-2级 ,是
2022年04月29日广州天气预报,雷阵雨 /雷阵雨,24℃ , 30℃,北风 1-2级 ,是
2022年04月30日广州天气预报,雷阵雨 /大雨,18℃ , 30℃,北风 1-2级 ,是
2022年05月01日广州天气预报,大雨 /中雨,14℃ , 17℃,北风 3-4级 ,是
2022年05月02日广州天气预报,阴 /多云,14℃ , 22℃,北风 1-2级 ,否
2022年05月03日广州天气预报,多云 /多云,19℃ , 27℃,北风 1-2级 ,否
2022年05月04日广州天气预报,多云 /多云,18℃ , 29℃,北风 1-2级 ,否
2022年05月05日广州天气预报,多云 /多云,21℃ , 30℃,北风 1-2级 ,否
2022年05月06日广州天气预报,多云 /阵雨,20℃ , 30℃,北风 1-2级 ,否
2022年05月07日广州天气预报,雷阵雨 /多云,20℃ , 27℃,北风 1-2级 ,是
2022年05月08日广州天气预报,中雨 /雷阵雨,22℃ , 26℃,北风 1-2级 ,是
2022年05月09日广州天气预报,小雨 /小雨,22℃ , 27℃,北风 1-2级 ,否
2022年05月10日广州天气预报,大雨 /暴雨,22℃ , 25℃,南风 1-2级 ,是
2022年05月11日广州天气预报,暴雨 /暴雨,23℃ , 26℃,北风 1-2级 ,是
2022年05月12日广州天气预报,大雨 /大雨,22℃ , 25℃,北风 1-2级 ,是
2022年05月13日广州天气预报,中雨 /中雨,22℃ , 26℃,北风 1-2级 ,是
2022年05月14日广州天气预报,多云 /雷阵雨,19℃ , 27℃,北风 1-2级 ,是
2022年05月15日广州天气预报,小雨 /中雨,16℃ , 23℃,北风 3-4级 ,是
2022年05月16日广州天气预报,多云 /多云,15℃ , 24℃,北风 1-2级 ,否
2022年05月17日广州天气预报,多云 /多云,20℃ , 27℃,北风 1-2级 ,否
2022年05月18日广州天气预报,多云 /多云,21℃ , 28℃,北风 1-2级 ,否
2022年05月19日广州天气预报,多云 /多云,21℃ , 30℃,北风 1-2级 ,否
2022年05月20日广州天气预报,多云 /阵雨,23℃ , 32℃,北风 1-2级 ,否
2022年05月21日广州天气预报,中雨 /雷阵雨,23℃ , 30℃,北风 1-2级 ,是
2022年05月22日广州天气预报,雷阵雨 /大雨,21℃ , 26℃,北风 1-2级 ,是
2022年05月23日广州天气预报,中雨 /雷阵雨,23℃ , 28℃,东南风 1-2级 ,是
2022年05月24日广州天气预报,雷阵雨 /雷阵雨,23℃ , 29℃,北风 1-2级 ,是
2022年05月25日广州天气预报,雷阵雨 /小雨,24℃ , 28℃,北风 1-2级 ,是
2022年05月26日广州天气预报,雷阵雨 /雷阵雨,24℃ , 30℃,北风 1-2级 ,是
2022年05月27日广州天气预报,中雨 /雷阵雨,25℃ , 29℃,北风 1-2级 ,是
2022年05月28日广州天气预报,雷阵雨 /雷阵雨,24℃ , 31℃,北风 1-2级 ,是
2022年05月29日广州天气预报,多云 /多云,25℃ , 32℃,北风 1-2级 ,否
2022年05月30日广州天气预报,雷阵雨 /雷阵雨,24℃ , 33℃,北风 1-2级 ,是
2022年05月31日广州天气预报,雷阵雨 /雷阵雨,26℃ , 32℃,北风 1-2级 ,是
2022年06月01日广州天气预报,雷阵雨 /雷阵雨,26℃ , 32℃,北风 1-2级 ,是
2022年06月02日广州天气预报,中雨 /雷阵雨,26℃ , 31℃,北风 1-2级 ,是
2022年06月03日广州天气预报,雷阵雨 /阴,26℃ , 32℃,南风 1-2级 ,是
2022年06月04日广州天气预报,雷阵雨 /中雨,26℃ , 32℃,南风 3-4级 ,是
2022年06月05日广州天气预报,雷阵雨 /雷阵雨,25℃ , 32℃,北风 1-2级 ,是
2022年06月06日广州天气预报,中雨 /暴雨,24℃ , 32℃,北风 1-2级 ,是
2022年06月07日广州天气预报,中雨 /大雨,24℃ , 28℃,北风 1-2级 ,是
2022年06月08日广州天气预报,中雨 /中雨,24℃ , 27℃,北风 1-2级 ,是
2022年06月09日广州天气预报,中雨 /雷阵雨,24℃ , 30℃,北风 1-2级 ,是
2022年06月10日广州天气预报,中雨 /中雨,24℃ , 28℃,北风 1-2级 ,是
2022年06月11日广州天气预报,中雨 /中雨,24℃ , 30℃,北风 1-2级 ,是
2022年06月12日广州天气预报,中雨 /雷阵雨,25℃ , 30℃,北风 1-2级 ,是
2022年06月13日广州天气预报,大雨 /暴雨,24℃ , 31℃,北风 1-2级 ,是
2022年06月14日广州天气预报,暴雨 /大雨,23℃ , 27℃,北风 1-2级 ,是
2022年06月15日广州天气预报,雷阵雨 /中雨,23℃ , 27℃,北风 1-2级 ,是
2022年06月16日广州天气预报,暴雨 /中雨,24℃ , 28℃,北风 1-2级 ,是
2022年06月17日广州天气预报,大雨 /雷阵雨,25℃ , 31℃,北风 1-2级 ,是
2022年06月18日广州天气预报,大雨 /雷阵雨,25℃ , 30℃,北风 1-2级 ,是
2022年06月19日广州天气预报,大雨 /雷阵雨,26℃ , 31℃,北风 1-2级 ,是
2022年06月20日广州天气预报,大雨 /雷阵雨,25℃ , 32℃,北风 1-2级 ,是
2022年06月21日广州天气预报,阴 /阴,25℃ , 31℃,南风 3-4级 ,否
2022年06月22日广州天气预报,阴 /阴,25℃ , 30℃,北风 1-2级 ,否
2022年06月23日广州天气预报,多云 /多云,26℃ , 34℃,北风 1-2级 ,否
2022年06月24日广州天气预报,多云 /多云,26℃ , 34℃,北风 1-2级 ,否
2022年06月25日广州天气预报,多云 /多云,25℃ , 35℃,北风 1-2级 ,否
2022年06月26日广州天气预报,多云 /多云,26℃ , 34℃,北风 1-2级 ,否
2022年06月27日广州天气预报,多云 /多云,27℃ , 35℃,北风 1-2级 ,否
2022年06月28日广州天气预报,雷阵雨 /多云,26℃ , 35℃,北风 1-2级 ,是
2022年06月29日广州天气预报,雷阵雨 /雷阵雨,26℃ , 35℃,北风 1-2级 ,是
2022年06月30日广州天气预报,中雨 /阴,25℃ , 35℃,北风 1-2级 ,是
2022年07月01日广州天气预报,中雨 /中雨,24℃ , 31℃,东风 3-4级 ,是
2022年07月02日广州天气预报,大雨 /大雨,25℃ , 29℃,东南风 4-5级 ,是
2022年07月03日广州天气预报,暴雨 /中雨,25℃ , 28℃,南风 4-5级 ,是
2022年07月04日广州天气预报,大到暴雨 /大雨,26℃ , 29℃,南风 3-4级 ,是
2022年07月05日广州天气预报,大雨 /中雨,26℃ , 30℃,南风 1-2级 ,是
2022年07月06日广州天气预报,中到大雨 /中到大雨,26℃ , 31℃,东南风 3-4级 ,是
2022年07月07日广州天气预报,中雨 /雷阵雨,26℃ , 31℃,东南风 3-4级 ,是
2022年07月08日广州天气预报,雷阵雨 /雷阵雨,26℃ , 33℃,北风 1-2级 ,是
2022年07月09日广州天气预报,雷阵雨 /多云,26℃ , 34℃,北风 1-2级 ,是
2022年07月10日广州天气预报,多云 /多云,26℃ , 35℃,北风 1-2级 ,否
2022年07月11日广州天气预报,多云 /多云,26℃ , 35℃,北风 1-2级 ,否
2022年07月12日广州天气预报,晴 /多云,26℃ , 36℃,北风 1-2级 ,否
2022年07月13日广州天气预报,晴 /多云,26℃ , 35℃,北风 1-2级 ,否
2022年07月14日广州天气预报,晴 /雷阵雨,26℃ , 36℃,北风 1-2级 ,是
2022年07月15日广州天气预报,多云 /多云,26℃ , 36℃,北风 1-2级 ,否
2022年07月16日广州天气预报,晴 /晴,26℃ , 35℃,北风 1-2级 ,否
2022年07月17日广州天气预报,晴 /晴,27℃ , 35℃,北风 1-2级 ,否
2022年07月18日广州天气预报,雷阵雨 /雷阵雨,28℃ , 35℃,西南风 1-2级 ,是
2022年07月19日广州天气预报,雷阵雨 /多云,27℃ , 35℃,南风 3-4级 ,是
2022年07月20日广州天气预报,多云 /多云,27℃ , 35℃,南风 1-2级 ,否
2022年07月21日广州天气预报,晴 /晴,26℃ , 36℃,北风 1-2级 ,否
2022年07月22日广州天气预报,晴 /晴,26℃ , 36℃,北风 1-2级 ,否
2022年07月23日广州天气预报,晴 /晴,27℃ , 37℃,北风 1-2级 ,否
2022年07月24日广州天气预报,晴 /晴,27℃ , 38℃,北风 1-2级 ,否
2022年07月25日广州天气预报,晴 /晴,27℃ , 36℃,北风 1-2级 ,否
2022年07月26日广州天气预报,晴 /晴,28℃ , 39℃,北风 1-2级 ,否
2022年07月27日广州天气预报,晴 /晴,27℃ , 38℃,北风 1-2级 ,否
2022年07月28日广州天气预报,晴 /多云,27℃ , 38℃,北风 1-2级 ,否
2022年07月29日广州天气预报,晴 /晴,27℃ , 38℃,北风 1-2级 ,否
2022年07月30日广州天气预报,雷阵雨 /雷阵雨,27℃ , 37℃,北风 1-2级 ,是
2022年07月31日广州天气预报,雷阵雨 /雷阵雨,26℃ , 36℃,北风 1-2级 ,是
2022年08月01日广州天气预报,多云 /多云,26℃ , 37℃,北风 1-2级 ,否
2022年08月02日广州天气预报,雷阵雨 /中雨,25℃ , 37℃,北风 1-2级 ,是
2022年08月03日广州天气预报,大雨 /中雨,24℃ , 33℃,北风 1-2级 ,是
2022年08月04日广州天气预报,大到暴雨 /大到暴雨,25℃ , 30℃,东风 3-4级 ,是
2022年08月05日广州天气预报,大雨 /雷阵雨,25℃ , 29℃,东南风 3-4级 ,是
2022年08月06日广州天气预报,雷阵雨 /雷阵雨,25℃ , 33℃,北风 1-2级 ,是
2022年08月07日广州天气预报,雷阵雨 /多云,25℃ , 34℃,北风 1-2级 ,是
2022年08月08日广州天气预报,雷阵雨 /阴,26℃ , 33℃,北风 1-2级 ,是
2022年08月09日广州天气预报,大雨 /大雨,23℃ , 33℃,东风 4-5级 ,是
2022年08月10日广州天气预报,大雨 /雷阵雨,24℃ , 29℃,东风 4-5级 ,是
2022年08月11日广州天气预报,中雨 /小雨,24℃ , 31℃,北风 1-2级 ,是
2022年08月12日广州天气预报,中雨 /雷阵雨,25℃ , 31℃,东南风 1-2级 ,是
2022年08月13日广州天气预报,雷阵雨 /晴,25℃ , 32℃,北风 1-2级 ,是
2022年08月14日广州天气预报,多云 /多云,25℃ , 34℃,北风 1-2级 ,否
2022年08月15日广州天气预报,多云 /多云,27℃ , 35℃,北风 1-2级 ,否
2022年08月16日广州天气预报,雷阵雨 /多云,27℃ , 34℃,北风 1-2级 ,是
2022年08月17日广州天气预报,雷阵雨 /雷阵雨,26℃ , 35℃,北风 1-2级 ,是
2022年08月18日广州天气预报,雷阵雨 /多云,25℃ , 33℃,北风 1-2级 ,是
2022年08月19日广州天气预报,雷阵雨 /雷阵雨,25℃ , 33℃,东南风 3-4级 ,是
2022年08月20日广州天气预报,雷阵雨 /雷阵雨,26℃ , 33℃,东风 1-2级 ,是
2022年08月21日广州天气预报,雷阵雨 /多云,25℃ , 34℃,北风 1-2级 ,是
2022年08月22日广州天气预报,阵雨 /晴,26℃ , 34℃,北风 1-2级 ,否
2022年08月23日广州天气预报,晴 /多云,26℃ , 35℃,北风 3-4级 ,否
2022年08月24日广州天气预报,中雨 /雷阵雨,27℃ , 37℃,北风 3-4级 ,是
2022年08月25日广州天气预报,大雨 /雷阵雨,24℃ , 29℃,东风 3-4级 ,是
2022年08月26日广州天气预报,多云 /多云,24℃ , 32℃,北风 1-2级 ,否
2022年08月27日广州天气预报,晴 /多云,26℃ , 35℃,北风 1-2级 ,否
2022年08月28日广州天气预报,雷阵雨 /多云,26℃ , 35℃,北风 1-2级 ,是
2022年08月29日广州天气预报,雷阵雨 /多云,26℃ , 35℃,北风 1-2级 ,是
2022年08月30日广州天气预报,雷阵雨 /雷阵雨,26℃ , 33℃,北风 1-2级 ,是
2022年08月31日广州天气预报,小雨 /小雨,26℃ , 34℃,北风 1-2级 ,否
2022年09月01日广州天气预报,雷阵雨 /多云,25℃ , 34℃,北风 1-2级 ,是
2022年09月02日广州天气预报,晴 /晴,25℃ , 35℃,西北风 3-4级 ,否
2022年09月03日广州天气预报,多云 /多云,25℃ , 33℃,北风 1-2级 ,否
2022年09月04日广州天气预报,晴 /晴,24℃ , 35℃,西北风 3-4级 ,否
2022年09月05日广州天气预报,晴 /晴,24℃ , 35℃,西北风 3-4级 ,否
2022年09月06日广州天气预报,多云 /雷阵雨,25℃ , 35℃,北风 1-2级 ,是
2022年09月07日广州天气预报,中雨 /小雨,25℃ , 33℃,北风 1-2级 ,是
2022年09月08日广州天气预报,中雨 /雷阵雨,24℃ , 33℃,北风 1-2级 ,是
2022年09月09日广州天气预报,雷阵雨 /雷阵雨,24℃ , 33℃,北风 1-2级 ,是
2022年09月10日广州天气预报,雷阵雨 /多云,24℃ , 35℃,北风 1-2级 ,是
2022年09月11日广州天气预报,多云 /晴,24℃ , 35℃,北风 1-2级 ,否
2022年09月12日广州天气预报,晴 /晴,24℃ , 35℃,北风 1-2级 ,否
2022年09月13日广州天气预报,晴 /晴,23℃ , 35℃,北风 1-2级 ,否
2022年09月14日广州天气预报,晴 /晴,23℃ , 36℃,北风 1-2级 ,否
2022年09月15日广州天气预报,晴 /晴,23℃ , 35℃,北风 1-2级 ,否
2022年09月16日广州天气预报,多云 /多云,26℃ , 35℃,北风 1-2级 ,否
2022年09月17日广州天气预报,多云 /多云,24℃ , 36℃,北风 1-2级 ,否
2022年09月18日广州天气预报,雷阵雨 /多云,27℃ , 36℃,北风 1-2级 ,是
2022年09月19日广州天气预报,雷阵雨 /雷阵雨,26℃ , 36℃,北风 1-2级 ,是
2022年09月20日广州天气预报,雷阵雨 /雷阵雨,24℃ , 34℃,北风 1-2级 ,是
2022年09月21日广州天气预报,雷阵雨 /多云,24℃ , 32℃,北风 1-2级 ,是
2022年09月22日广州天气预报,雷阵雨 /多云,24℃ , 33℃,北风 1-2级 ,是
2022年09月23日广州天气预报,多云 /多云,24℃ , 34℃,北风 1-2级 ,否
2022年09月24日广州天气预报,晴 /晴,25℃ , 34℃,北风 1-2级 ,否
2022年09月25日广州天气预报,晴 /晴,25℃ , 34℃,北风 1-2级 ,否
2022年09月26日广州天气预报,晴 /多云,24℃ , 34℃,东风 3-4级 ,否
2022年09月27日广州天气预报,多云 /多云,24℃ , 34℃,北风 1-2级 ,否
2022年09月28日广州天气预报,多云 /多云,25℃ , 34℃,北风 1-2级 ,否
2022年09月29日广州天气预报,多云 /多云,24℃ , 34℃,北风 1-2级 ,否
2022年09月30日广州天气预报,多云 /多云,25℃ , 32℃,东风 3-4级 ,否
2022年10月01日广州天气预报,雷阵雨 /雷阵雨,24℃ , 33℃,北风 1-2级 ,是
2022年10月02日广州天气预报,雷阵雨 /晴,24℃ , 33℃,北风 1-2级 ,是
2022年10月03日广州天气预报,晴 /晴,24℃ , 34℃,北风 1-2级 ,否
2022年10月04日广州天气预报,晴 /雷阵雨,25℃ , 35℃,北风 1-2级 ,是
2022年10月05日广州天气预报,雷阵雨 /多云,24℃ , 33℃,北风 1-2级 ,是
2022年10月06日广州天气预报,雷阵雨 /中雨,23℃ , 34℃,北风 1-2级 ,是
2022年10月07日广州天气预报,多云 /多云,22℃ , 30℃,北风 1-2级 ,否
2022年10月08日广州天气预报,多云 /多云,23℃ , 29℃,北风 1-2级 ,否
2022年10月09日广州天气预报,多云 /晴,19℃ , 31℃,北风 3-4级 ,否
2022年10月10日广州天气预报,晴 /晴,17℃ , 27℃,北风 3-4级 ,否
2022年10月11日广州天气预报,晴 /晴,17℃ , 26℃,北风 1-2级 ,否
2022年10月12日广州天气预报,晴 /晴,19℃ , 29℃,北风 1-2级 ,否
2022年10月13日广州天气预报,晴 /晴,16℃ , 30℃,北风 1-2级 ,否
2022年10月14日广州天气预报,晴 /晴,18℃ , 31℃,北风 3-4级 ,否
2022年10月15日广州天气预报,晴 /晴,22℃ , 31℃,北风 3-4级 ,否
2022年10月16日广州天气预报,晴 /多云,20℃ , 30℃,北风 3-4级 ,否
2022年10月17日广州天气预报,多云 /多云,16℃ , 27℃,北风 5-6级 ,是
2022年10月18日广州天气预报,小雨 /小雨,13℃ , 22℃,北风 3-4级 ,否
2022年10月19日广州天气预报,小雨 /多云,17℃ , 23℃,北风 3-4级 ,否
2022年10月20日广州天气预报,多云 /多云,19℃ , 29℃,北风 1-2级 ,否
2022年10月21日广州天气预报,多云 /多云,21℃ , 31℃,北风 1-2级 ,否
2022年10月22日广州天气预报,晴 /晴,22℃ , 32℃,北风 1-2级 ,否
2022年10月23日广州天气预报,多云 /多云,20℃ , 32℃,北风 3-4级 ,否
2022年10月24日广州天气预报,晴 /晴,18℃ , 33℃,北风 1-2级 ,否
2022年10月25日广州天气预报,多云 /多云,19℃ , 30℃,北风 1-2级 ,否
2022年10月26日广州天气预报,晴 /晴,18℃ , 30℃,北风 1-2级 ,否
2022年10月27日广州天气预报,晴 /晴,18℃ , 31℃,北风 1-2级 ,否
2022年10月28日广州天气预报,晴 /晴,21℃ , 30℃,北风 1-2级 ,否
2022年10月29日广州天气预报,晴 /晴,21℃ , 31℃,北风 3-4级 ,否
2022年10月30日广州天气预报,晴 /多云,19℃ , 29℃,北风 3-4级 ,否
2022年10月31日广州天气预报,晴 /阵雨,19℃ , 29℃,北风 4-5级 ,否
2022年11月01日广州天气预报,阵雨 /小到中雨,17℃ , 26℃,北风 4-5级 ,是
2022年11月02日广州天气预报,小到中雨 /小到中雨,16℃ , 20℃,北风 3-4级 ,是
2022年11月03日广州天气预报,小雨 /小雨,18℃ , 20℃,北风 1-2级 ,否
2022年11月04日广州天气预报,小雨 /小雨,17℃ , 21℃,北风 3-4级 ,否
2022年11月05日广州天气预报,多云 /多云,17℃ , 23℃,北风 1-2级 ,否
2022年11月06日广州天气预报,小雨 /多云,16℃ , 20℃,北风 1-2级 ,否
2022年11月07日广州天气预报,小雨 /多云,18℃ , 23℃,北风 1-2级 ,否
2022年11月08日广州天气预报,小雨 /小雨,18℃ , 23℃,北风 1-2级 ,否
2022年11月09日广州天气预报,多云 /阴,20℃ , 26℃,北风 1-2级 ,否
2022年11月10日广州天气预报,晴 /多云,20℃ , 29℃,北风 1-2级 ,否
2022年11月11日广州天气预报,多云 /多云,21℃ , 29℃,北风 1-2级 ,否
2022年11月12日广州天气预报,晴 /晴,19℃ , 29℃,北风 1-2级 ,否
2022年11月13日广州天气预报,晴 /晴,21℃ , 30℃,北风 1-2级 ,否
2022年11月14日广州天气预报,多云 /多云,20℃ , 30℃,北风 1-2级 ,否
2022年11月15日广州天气预报,多云 /多云,20℃ , 28℃,北风 1-2级 ,否
2022年11月16日广州天气预报,阵雨 /小雨,20℃ , 26℃,北风 1-2级 ,否
2022年11月17日广州天气预报,多云 /多云,20℃ , 28℃,北风 1-2级 ,否
2022年11月18日广州天气预报,多云 /多云,21℃ , 29℃,北风 1-2级 ,否
2022年11月19日广州天气预报,多云 /多云,19℃ , 29℃,北风 1-2级 ,否
2022年11月20日广州天气预报,多云 /多云,20℃ , 29℃,北风 1-2级 ,否
2022年11月21日广州天气预报,多云 /小雨,20℃ , 27℃,北风 1-2级 ,否
2022年11月22日广州天气预报,中雨 /中雨,19℃ , 24℃,北风 1-2级 ,是
2022年11月23日广州天气预报,小雨 /小雨,18℃ , 23℃,北风 1-2级 ,否
2022年11月24日广州天气预报,中雨 /小到中雨,19℃ , 22℃,北风 1-2级 ,是
2022年11月25日广州天气预报,小雨 /中雨,20℃ , 22℃,北风 1-2级 ,是
2022年11月26日广州天气预报,中雨 /小雨,19℃ , 22℃,北风 1-2级 ,是
2022年11月27日广州天气预报,小雨 /小雨,21℃ , 24℃,南风 3-4级 ,否
2022年11月28日广州天气预报,小雨 /小雨,22℃ , 27℃,北风 1-2级 ,否
2022年11月29日广州天气预报,小雨 /小雨,15℃ , 28℃,南风 3-4级 ,否
2022年11月30日广州天气预报,小雨 /小雨,9℃ , 17℃,北风 3-4级 ,否
2022年12月01日广州天气预报,阴 /阴,8℃ , 12℃,北风 3-4级 ,否
2022年12月02日广州天气预报,阴 /多云,8℃ , 13℃,北风 3-4级 ,否
2022年12月03日广州天气预报,阴 /多云,14℃ , 19℃,北风 1-2级 ,否
2022年12月04日广州天气预报,阴 /阴,12℃ , 17℃,北风 1-2级 ,否
2022年12月05日广州天气预报,多云 /多云,10℃ , 17℃,北风 3-4级 ,否
2022年12月06日广州天气预报,阴 /阴,10℃ , 16℃,北风 3-4级 ,否
2022年12月07日广州天气预报,晴 /晴,11℃ , 19℃,北风 1-2级 ,否
2022年12月08日广州天气预报,多云 /多云,11℃ , 20℃,北风 1-2级 ,否
2022年12月09日广州天气预报,多云 /多云,11℃ , 21℃,北风 1-2级 ,否
2022年12月10日广州天气预报,晴 /多云,11℃ , 22℃,北风 3-4级 ,否
2022年12月11日广州天气预报,多云 /晴,12℃ , 20℃,北风 3-4级 ,否
2022年12月12日广州天气预报,多云 /多云,9℃ , 18℃,北风 3-4级 ,否
2022年12月13日广州天气预报,多云 /阴,10℃ , 15℃,北风 1-2级 ,否
2022年12月14日广州天气预报,阴 /阴,8℃ , 13℃,北风 3-4级 ,否
2022年12月15日广州天气预报,小雨 /小雨,12℃ , 15℃,北风 1-2级 ,否
2022年12月16日广州天气预报,小雨 /多云,8℃ , 14℃,北风 3-4级 ,否
2022年12月17日广州天气预报,晴 /晴,4℃ , 12℃,北风 4-5级 ,否
2022年12月18日广州天气预报,多云 /多云,5℃ , 13℃,北风 3-4级 ,否
2022年12月19日广州天气预报,晴 /多云,7℃ , 15℃,北风 1-2级 ,否
2022年12月20日广州天气预报,晴 /多云,9℃ , 19℃,北风 1-2级 ,否
2022年12月21日广州天气预报,多云 /多云,7℃ , 19℃,北风 1-2级 ,否
2022年12月22日广州天气预报,晴 /晴,7℃ , 21℃,北风 1-2级 ,否
2022年12月23日广州天气预报,多云 /多云,8℃ , 19℃,北风 1-2级 ,否
2022年12月24日广州天气预报,晴 /晴,7℃ , 20℃,北风 1-2级 ,否
2022年12月25日广州天气预报,晴 /晴,7℃ , 20℃,北风 1-2级 ,否
2022年12月26日广州天气预报,晴 /晴,7℃ , 21℃,北风 1-2级 ,否
2022年12月27日广州天气预报,多云 /多云,9℃ , 21℃,北风 1-2级 ,否
2022年12月28日广州天气预报,多云 /阴,9℃ , 21℃,北风 3-4级 ,否
2022年12月29日广州天气预报,多云 /多云,9℃ , 17℃,北风 3-4级 ,否
2022年12月30日广州天气预报,多云 /多云,7℃ , 19℃,北风 3-4级 ,否
2022年12月31日广州天气预报,晴 /晴,7℃ , 20℃,北风 1-2级 ,否
2023年01月01日广州天气预报,多云 /小雨,11℃ , 18℃,北风 1-2级 ,否
2023年01月02日广州天气预报,多云 /阴,11℃ , 17℃,北风 3-4级 ,否
2023年01月03日广州天气预报,阵雨 /阵雨,10℃ , 18℃,北风 3-4级 ,否
2023年01月04日广州天气预报,阴 /阴,12℃ , 20℃,北风 1-2级 ,否
2023年01月05日广州天气预报,多云 /晴,12℃ , 22℃,北风 1-2级 ,否
2023年01月06日广州天气预报,多云 /多云,9℃ , 21℃,北风 3-4级 ,否
2023年01月07日广州天气预报,多云 /小雨,13℃ , 22℃,北风 1-2级 ,否
2023年01月08日广州天气预报,小雨 /小雨,14℃ , 19℃,北风 1-2级 ,否
2023年01月09日广州天气预报,小到中雨 /小雨,14℃ , 17℃,北风 1-2级 ,是
2023年01月10日广州天气预报,阴 /小雨,15℃ , 18℃,北风 1-2级 ,否
2023年01月11日广州天气预报,小雨 /小雨,16℃ , 20℃,北风 1-2级 ,否
2023年01月12日广州天气预报,小到中雨 /小到中雨,17℃ , 20℃,北风 1-2级 ,是
2023年01月13日广州天气预报,小雨 /小雨,18℃ , 22℃,北风 1-2级 ,否
2023年01月14日广州天气预报,多云 /小雨,13℃ , 26℃,北风 1-2级 ,否
2023年01月15日广州天气预报,小雨 /阴,7℃ , 13℃,北风 3-4级 ,否
2023年01月16日广州天气预报,多云 /多云,6℃ , 12℃,北风 3-4级 ,否
2023年01月17日广州天气预报,阴 /多云,7℃ , 13℃,北风 3-4级 ,否
2023年01月18日广州天气预报,多云 /晴,7℃ , 12℃,北风 1-2级 ,否
2023年01月19日广州天气预报,多云 /多云,9℃ , 18℃,北风 1-2级 ,否
2023年01月20日广州天气预报,多云 /多云,11℃ , 21℃,北风 3-4级 ,否
2023年01月21日广州天气预报,小雨 /小雨,13℃ , 19℃,北风 1-2级 ,否
2023年01月22日广州天气预报,多云 /阴,14℃ , 23℃,北风 1-2级 ,否
2023年01月23日广州天气预报,阴 /阴,10℃ , 21℃,北风 1-2级 ,否
2023年01月24日广州天气预报,晴 /多云,6℃ , 15℃,北风 3-4级 ,否
2023年01月25日广州天气预报,晴 /多云,7℃ , 14℃,北风 1-2级 ,否
2023年01月26日广州天气预报,多云 /多云,10℃ , 18℃,北风 1-2级 ,否
2023年01月27日广州天气预报,多云 /多云,6℃ , 14℃,北风 3-4级 ,否
2023年01月28日广州天气预报,晴 /晴,5℃ , 15℃,北风 3-4级 ,否
2023年01月29日广州天气预报,晴 /晴,5℃ , 17℃,北风 1-2级 ,否
2023年01月30日广州天气预报,晴 /多云,7℃ , 20℃,北风 1-2级 ,否
2023年01月31日广州天气预报,多云 /阴,13℃ , 23℃,北风 1-2级 ,否
2023年02月01日广州天气预报,阴 /阴,15℃ , 24℃,北风 1-2级 ,否
2023年02月02日广州天气预报,多云 /多云,15℃ , 26℃,北风 1-2级 ,否
2023年02月03日广州天气预报,多云 /小雨,15℃ , 25℃,北风 1-2级 ,否
2023年02月04日广州天气预报,小雨 /中雨,15℃ , 18℃,北风 1-2级 ,是
2023年02月05日广州天气预报,小雨 /小雨,16℃ , 18℃,北风 1-2级 ,否
2023年02月06日广州天气预报,阴 /小雨,15℃ , 22℃,北风 1-2级 ,否
2023年02月07日广州天气预报,阴 /阴,17℃ , 22℃,北风 1-2级 ,否
2023年02月08日广州天气预报,阵雨 /阴,18℃ , 23℃,北风 1-2级 ,否
2023年02月09日广州天气预报,小雨 /小雨,17℃ , 23℃,东南风 3-4级 ,否
2023年02月10日广州天气预报,阴 /阴,19℃ , 24℃,东南风 3-4级 ,否
2023年02月11日广州天气预报,阴 /阴,19℃ , 23℃,南风 3-4级 ,否
2023年02月12日广州天气预报,阴 /小雨,20℃ , 25℃,北风 1-2级 ,否
2023年02月13日广州天气预报,小雨 /小雨,10℃ , 25℃,北风 1-2级 ,否
2023年02月14日广州天气预报,阴 /多云,9℃ , 15℃,北风 3-4级 ,否
2023年02月15日广州天气预报,晴 /晴,7℃ , 19℃,东北风 3-4级 ,否
2023年02月16日广州天气预报,晴 /晴,9℃ , 20℃,北风 1-2级 ,否
2023年02月17日广州天气预报,晴 /晴,12℃ , 22℃,北风 1-2级 ,否
2023年02月18日广州天气预报,多云 /多云,14℃ , 25℃,北风 1-2级 ,否
2023年02月19日广州天气预报,多云 /多云,14℃ , 27℃,北风 3-4级 ,否
2023年02月20日广州天气预报,晴 /晴,13℃ , 23℃,北风 1-2级 ,否
2023年02月21日广州天气预报,晴 /晴,10℃ , 23℃,东北风 3-4级 ,否
2023年02月22日广州天气预报,晴 /晴,11℃ , 22℃,北风 1-2级 ,否
2023年02月23日广州天气预报,晴 /晴,14℃ , 24℃,北风 1-2级 ,否
2023年02月24日广州天气预报,多云 /多云,11℃ , 23℃,北风 3-4级 ,否
2023年02月25日广州天气预报,晴 /晴,9℃ , 21℃,北风 3-4级 ,否
2023年02月26日广州天气预报,晴 /晴,9℃ , 22℃,北风 3-4级 ,否
2023年02月27日广州天气预报,晴 /晴,10℃ , 23℃,北风 1-2级 ,否
2023年02月28日广州天气预报,晴 /晴,11℃ , 23℃,北风 1-2级 ,否
2023年03月01日广州天气预报,晴 /晴,13℃ , 25℃,北风 1-2级 ,否
2023年03月02日广州天气预报,多云 /多云,12℃ , 26℃,北风 3-4级 ,否
2023年03月03日广州天气预报,多云 /多云,14℃ , 24℃,北风 1-2级 ,否
2023年03月04日广州天气预报,多云 /晴,14℃ , 24℃,北风 1-2级 ,否
2023年03月05日广州天气预报,晴 /晴,11℃ , 26℃,北风 1-2级 ,否
2023年03月06日广州天气预报,晴 /晴,11℃ , 26℃,北风 1-2级 ,否
2023年03月07日广州天气预报,多云 /多云,15℃ , 25℃,北风 1-2级 ,否
2023年03月08日广州天气预报,多云 /多云,15℃ , 26℃,北风 1-2级 ,否
2023年03月09日广州天气预报,多云 /晴,18℃ , 29℃,北风 1-2级 ,否
2023年03月10日广州天气预报,多云 /多云,17℃ , 29℃,北风 1-2级 ,否
2023年03月11日广州天气预报,多云 /多云,18℃ , 27℃,北风 1-2级 ,否
2023年03月12日广州天气预报,多云 /阴,16℃ , 27℃,北风 3-4级 ,否
2023年03月13日广州天气预报,阴 /多云,14℃ , 22℃,北风 1-2级 ,否
2023年03月14日广州天气预报,多云 /多云,16℃ , 25℃,北风 1-2级 ,否
2023年03月15日广州天气预报,阴 /多云,17℃ , 26℃,北风 1-2级 ,否
2023年03月16日广州天气预报,多云 /多云,17℃ , 28℃,北风 1-2级 ,否
2023年03月17日广州天气预报,多云 /多云,16℃ , 27℃,北风 1-2级 ,否
2023年03月18日广州天气预报,多云 /多云,18℃ , 27℃,北风 1-2级 ,否
2023年03月19日广州天气预报,多云 /阴,19℃ , 24℃,南风 3-4级 ,否
2023年03月20日广州天气预报,阴 /多云,21℃ , 26℃,北风 1-2级 ,否
2023年03月21日广州天气预报,多云 /多云,22℃ , 27℃,南风 3-4级 ,否
2023年03月22日广州天气预报,阴 /雷阵雨,22℃ , 28℃,南风 3-4级 ,是
2023年03月23日广州天气预报,大雨 /大到暴雨,21℃ , 27℃,南风 3-4级 ,是
2023年03月24日广州天气预报,大到暴雨 /大雨,16℃ , 25℃,东南风 3-4级 ,是
2023年03月25日广州天气预报,大雨 /中到大雨,14℃ , 23℃,北风 3-4级 ,是
2023年03月26日广州天气预报,中到大雨 /小雨,14℃ , 17℃,北风 1-2级 ,是
2023年03月27日广州天气预报,小雨 /小雨,12℃ , 16℃,北风 1-2级 ,否
2023年03月28日广州天气预报,阵雨 /雷阵雨,16℃ , 18℃,北风 1-2级 ,是
2023年03月29日广州天气预报,中雨 /中雨,14℃ , 17℃,北风 1-2级 ,是
2023年03月30日广州天气预报,小到中雨 /小到中雨,17℃ , 19℃,北风 1-2级 ,是
2023年03月31日广州天气预报,小到中雨 /小到中雨,17℃ , 18℃,北风 1-2级 ,是
2023年04月01日广州天气预报,小到中雨 /阵雨,17℃ , 20℃,北风 1-2级 ,是
2023年04月02日广州天气预报,小雨 /小雨,20℃ , 25℃,南风 3-4级 ,否
2023年04月03日广州天气预报,阵雨 /阵雨,20℃ , 24℃,北风 1-2级 ,否
2023年04月04日广州天气预报,雷阵雨 /中雨,21℃ , 24℃,南风 3-4级 ,是
2023年04月05日广州天气预报,大雨 /大雨,19℃ , 24℃,东北风 3-4级 ,是
2023年04月06日广州天气预报,中雨 /阵雨,17℃ , 25℃,北风 1-2级 ,是
2023年04月07日广州天气预报,多云 /多云,17℃ , 25℃,北风 3-4级 ,否
2023年04月08日广州天气预报,多云 /多云,17℃ , 24℃,北风 1-2级 ,否
2023年04月09日广州天气预报,阵雨 /阵雨,15℃ , 19℃,北风 1-2级 ,否
2023年04月10日广州天气预报,阵雨 /多云,17℃ , 24℃,北风 1-2级 ,否
2023年04月11日广州天气预报,多云 /多云,20℃ , 27℃,南风 3-4级 ,否
2023年04月12日广州天气预报,多云 /阵雨,20℃ , 29℃,北风 1-2级 ,否
2023年04月13日广州天气预报,多云 /多云,22℃ , 28℃,南风 3-4级 ,否
2023年04月14日广州天气预报,雷阵雨 /雷阵雨,21℃ , 28℃,北风 1-2级 ,是
2023年04月15日广州天气预报,多云 /多云,19℃ , 29℃,北风 1-2级 ,否
2023年04月16日广州天气预报,晴 /多云,20℃ , 32℃,北风 1-2级 ,否
2023年04月17日广州天气预报,多云 /阴,22℃ , 31℃,东南风 3-4级 ,否
2023年04月18日广州天气预报,雷阵雨 /大雨,21℃ , 30℃,北风 1-2级 ,是
2023年04月19日广州天气预报,大雨 /中雨,22℃ , 27℃,北风 1-2级 ,是
2023年04月20日广州天气预报,雷阵雨 /雷阵雨,22℃ , 29℃,北风 1-2级 ,是
2023年04月21日广州天气预报,小雨 /雷阵雨,23℃ , 27℃,北风 1-2级 ,是
2023年04月22日广州天气预报,中雨 /雷阵雨,23℃ , 26℃,南风 3-4级 ,是
2023年04月23日广州天气预报,雷阵雨 /雷阵雨,23℃ , 26℃,东南风 3-4级 ,是
2023年04月24日广州天气预报,雷阵雨 /小到中雨,20℃ , 26℃,北风 1-2级 ,是
2023年04月25日广州天气预报,小雨 /小雨,18℃ , 22℃,北风 1-2级 ,否
2023年04月26日广州天气预报,多云 /多云,16℃ , 24℃,北风 1-2级 ,否
2023年04月27日广州天气预报,多云 /多云,20℃ , 27℃,北风 1-2级 ,否
2023年04月28日广州天气预报,多云 /多云,22℃ , 28℃,北风 1-2级 ,否
2023年04月29日广州天气预报,中雨 /多云,19℃ , 26℃,北风 3-4级 ,是
2023年04月30日广州天气预报,多云 /多云,20℃ , 27℃,北风 1-2级 ,否
2023年05月01日广州天气预报,阴 /多云,19℃ , 27℃,北风 1-2级 ,否
2023年05月02日广州天气预报,多云 /多云,22℃ , 28℃,北风 1-2级 ,否
2023年05月03日广州天气预报,多云 /多云,23℃ , 29℃,南风 3-4级 ,否
2023年05月04日广州天气预报,多云 /多云,25℃ , 31℃,北风 1-2级 ,否
2023年05月05日广州天气预报,多云 /多云,25℃ , 31℃,南风 3-4级 ,否
2023年05月06日广州天气预报,雷阵雨 /大雨,20℃ , 31℃,南风 3-4级 ,是
2023年05月07日广州天气预报,大雨 /小雨,20℃ , 25℃,北风 3-4级 ,是
2023年05月08日广州天气预报,阴 /阴,21℃ , 25℃,北风 1-2级 ,否
2023年05月09日广州天气预报,阴 /阴,22℃ , 25℃,北风 1-2级 ,否
2023年05月10日广州天气预报,阴 /阴,21℃ , 26℃,北风 1-2级 ,否
2023年05月11日广州天气预报,阵雨 /阵雨,21℃ , 25℃,北风 1-2级 ,否
2023年05月12日广州天气预报,小雨 /小雨,20℃ , 21℃,北风 1-2级 ,否
2023年05月13日广州天气预报,小到中雨 /中到大雨,20℃ , 24℃,北风 1-2级 ,是
2023年05月14日广州天气预报,阵雨 /多云,20℃ , 26℃,东风 3-4级 ,否
2023年05月15日广州天气预报,多云 /多云,20℃ , 29℃,北风 1-2级 ,否
2023年05月16日广州天气预报,多云 /雷阵雨,22℃ , 30℃,东南风 3-4级 ,是
2023年05月17日广州天气预报,小雨 /小雨,23℃ , 29℃,南风 1-2级 ,否
2023年05月18日广州天气预报,雷阵雨 /小雨,24℃ , 33℃,北风 1-2级 ,是
2023年05月19日广州天气预报,雷阵雨 /雷阵雨,24℃ , 32℃,北风 1-2级 ,是
2023年05月20日广州天气预报,雷阵雨 /多云,26℃ , 34℃,北风 1-2级 ,是
2023年05月21日广州天气预报,多云 /多云,27℃ , 35℃,西南风 3-4级 ,否
2023年05月22日广州天气预报,中雨 /中雨,24℃ , 35℃,北风 1-2级 ,是
2023年05月23日广州天气预报,雷阵雨 /阵雨,19℃ , 29℃,北风 1-2级 ,是
2023年05月24日广州天气预报,中雨 /雷阵雨,22℃ , 27℃,北风 1-2级 ,是
2023年05月25日广州天气预报,雷阵雨 /多云,26℃ , 32℃,北风 1-2级 ,是
2023年05月26日广州天气预报,多云 /多云,26℃ , 33℃,北风 1-2级 ,否
2023年05月27日广州天气预报,多云 /晴,27℃ , 35℃,北风 1-2级 ,否
2023年05月28日广州天气预报,多云 /多云,25℃ , 34℃,北风 1-2级 ,否
2023年05月29日广州天气预报,晴 /晴,27℃ , 35℃,北风 1-2级 ,否
2023年05月30日广州天气预报,晴 /晴,29℃ , 36℃,北风 1-2级 ,否
2023年05月31日广州天气预报,多云 /雷阵雨,27℃ , 37℃,北风 1-2级 ,是
